episode,iteration,success_rate,collision_rate,static_collision_rate,dynamic_collision_rate,seeds
1,242.4,0.0,0.0,0.0,0.0,5
2,418.6,0.1,0.0,0.0,0.0,5
3,706.0,0.13333333333333333,0.0,0.0,0.0,5
4,863.8,0.1,0.0,0.0,0.0,5
5,1001.0,0.08,0.0,0.0,0.0,5
6,1156.0,0.1,0.0,0.0,0.0,5
7,1266.4,0.08571428571428572,0.0,0.0,0.0,5
8,1379.8,0.075,0.0,0.0,0.0,5
9,1548.0,0.06666666666666667,0.0,0.0,0.0,5
10,1681.6,0.08,0.0,0.0,0.0,5
11,1992.2,0.07272727272727272,0.0,0.0,0.0,5
12,2260.2,0.06666666666666667,0.0,0.0,0.0,5
13,2452.2,0.06153846153846154,0.0,0.0,0.0,5
14,2719.2,0.07142857142857142,0.0,0.0,0.0,5
15,3018.8,0.08,0.0,0.0,0.0,5
16,3249.6,0.075,0.0,0.0,0.0,5
17,3418.0,0.07058823529411765,0.0,0.0,0.0,5
18,3660.0,0.07777777777777777,0.0,0.0,0.0,5
19,3903.0,0.08421052631578947,0.0,0.0,0.0,5
20,4151.8,0.08,0.0,0.0,0.0,5
21,4351.8,0.07619047619047618,0.0,0.0,0.0,5
22,4604.6,0.07272727272727272,0.0,0.0,0.0,5
23,4765.4,0.08695652173913043,0.0,0.0,0.0,5
24,5042.8,0.1,0.0,0.0,0.0,5
25,5197.8,0.10400000000000001,0.0,0.0,0.0,5
26,5400.6,0.1,0.0,0.0,0.0,5
27,5712.6,0.0962962962962963,0.0,0.0,0.0,5
28,5986.4,0.1,0.0,0.0,0.0,5
29,6213.0,0.10344827586206898,0.0,0.0,0.0,5
30,6482.0,0.10666666666666666,0.0,0.0,0.0,5
31,6708.2,0.11612903225806451,0.0,0.0,0.0,5
32,6967.0,0.1125,0.0,0.0,0.0,5
33,7136.4,0.10909090909090909,0.0,0.0,0.0,5
34,7247.8,0.10588235294117647,0.0,0.0,0.0,5
35,7379.8,0.10285714285714284,0.0,0.0,0.0,5
36,7550.8,0.1,0.0,0.0,0.0,5
37,7885.6,0.0972972972972973,0.0,0.0,0.0,5
38,8104.4,0.1,0.0,0.0,0.0,5
39,8313.0,0.10256410256410256,0.0,0.0,0.0,5
40,8544.2,0.10500000000000001,0.0,0.0,0.0,5
41,8705.0,0.10731707317073172,0.0,0.0,0.0,5
42,8995.8,0.10952380952380951,0.0,0.0,0.0,5
43,9265.4,0.11627906976744187,0.0,0.0,0.0,5
44,9538.2,0.1181818181818182,0.0,0.0,0.0,5
45,9724.4,0.11555555555555555,0.0,0.0,0.0,5
46,10126.8,0.12173913043478261,0.0,0.0,0.0,5
47,10400.6,0.12765957446808512,0.0,0.0,0.0,5
48,10561.2,0.125,0.0,0.0,0.0,5
49,10781.4,0.12244897959183673,0.0,0.0,0.0,5
50,10909.6,0.12,0.0,0.0,0.0,5
51,11196.2,0.12,0.0,0.0,0.0,5
52,11398.4,0.12,0.0,0.0,0.0,5
53,11711.8,0.12,0.0,0.0,0.0,5
54,11912.6,0.124,0.0,0.0,0.0,5
55,12041.0,0.128,0.0,0.0,0.0,5
56,12308.6,0.128,0.0,0.0,0.0,5
57,12630.4,0.128,0.0,0.0,0.0,5
58,12860.4,0.132,0.0,0.0,0.0,5
59,13168.8,0.13999999999999999,0.0,0.0,0.0,5
60,13512.6,0.14,0.0,0.0,0.0,5
61,13738.8,0.14400000000000002,0.0,0.0,0.0,5
62,14038.8,0.148,0.0,0.0,0.0,5
63,14359.8,0.148,0.0,0.0,0.0,5
64,14523.2,0.144,0.0,0.0,0.0,5
65,14719.2,0.144,0.0,0.0,0.0,5
66,14874.6,0.148,0.0,0.0,0.0,5
67,15080.4,0.156,0.0,0.0,0.0,5
68,15255.8,0.16,0.0,0.0,0.0,5
69,15597.4,0.16799999999999998,0.0,0.0,0.0,5
70,15772.8,0.172,0.0,0.0,0.0,5
71,15992.4,0.18,0.0,0.0,0.0,5
72,16173.0,0.184,0.0,0.0,0.0,5
73,16510.4,0.18,0.0,0.0,0.0,5
74,16802.0,0.184,0.0,0.0,0.0,5
75,17003.0,0.184,0.0,0.0,0.0,5
76,17236.8,0.196,0.0,0.0,0.0,5
77,17503.2,0.21200000000000002,0.0,0.0,0.0,5
78,17780.4,0.21600000000000003,0.0,0.0,0.0,5
79,17980.4,0.22400000000000003,0.0,0.0,0.0,5
80,18188.6,0.22000000000000003,0.0,0.0,0.0,5
81,18348.8,0.22000000000000003,0.0,0.0,0.0,5
82,18493.0,0.22800000000000004,0.0,0.0,0.0,5
83,18694.4,0.236,0.0,0.0,0.0,5
84,18897.6,0.248,0.0,0.0,0.0,5
85,19068.2,0.26,0.0,0.0,0.0,5
86,19292.8,0.264,0.0,0.0,0.0,5
87,19486.2,0.276,0.0,0.0,0.0,5
88,19691.4,0.28,0.0,0.0,0.0,5
89,19865.8,0.284,0.0,0.0,0.0,5
90,20026.2,0.288,0.0,0.0,0.0,5
91,20342.8,0.296,0.0,0.0,0.0,5
92,20655.8,0.292,0.0,0.0,0.0,5
93,20963.8,0.292,0.0,0.0,0.0,5
94,21207.0,0.3,0.0,0.0,0.0,5
95,21531.8,0.308,0.0,0.0,0.0,5
96,21758.8,0.32,0.0,0.0,0.0,5
97,22042.8,0.32,0.0,0.0,0.0,5
98,22265.2,0.332,0.0,0.0,0.0,5
99,22468.8,0.33999999999999997,0.0,0.0,0.0,5
100,22670.8,0.356,0.0,0.0,0.0,5
101,22967.8,0.372,0.0,0.0,0.0,5
102,23155.8,0.38,0.0,0.0,0.0,5
103,23382.0,0.384,0.0,0.0,0.0,5
104,23577.2,0.388,0.0,0.0,0.0,5
105,23849.0,0.4,0.0,0.0,0.0,5
106,24113.8,0.41200000000000003,0.0,0.0,0.0,5
107,24318.0,0.42800000000000005,0.0,0.0,0.0,5
108,24635.4,0.43600000000000005,0.0,0.0,0.0,5
109,24805.0,0.44000000000000006,0.0,0.0,0.0,5
110,25088.0,0.44800000000000006,0.0,0.0,0.0,5
111,25316.8,0.45200000000000007,0.0,0.0,0.0,5
112,25563.2,0.4600000000000001,0.0,0.0,0.0,5
113,25790.2,0.476,0.0,0.0,0.0,5
114,25995.0,0.488,0.0,0.0,0.0,5
115,26209.4,0.496,0.0,0.0,0.0,5
116,26417.0,0.508,0.0,0.0,0.0,5
117,26660.8,0.516,0.0,0.0,0.0,5
118,26855.6,0.52,0.0,0.0,0.0,5
119,27133.4,0.52,0.0,0.0,0.0,5
120,27356.4,0.524,0.0,0.0,0.0,5
121,27517.4,0.528,0.0,0.0,0.0,5
122,27690.4,0.54,0.0,0.0,0.0,5
123,27912.2,0.5439999999999999,0.0,0.0,0.0,5
124,28155.2,0.5519999999999999,0.0,0.0,0.0,5
125,28339.8,0.564,0.0,0.0,0.0,5
126,28499.4,0.564,0.0,0.0,0.0,5
127,28716.4,0.5599999999999999,0.0,0.0,0.0,5
128,28886.0,0.568,0.0,0.0,0.0,5
129,29102.6,0.572,0.0,0.0,0.0,5
130,29284.2,0.588,0.0,0.0,0.0,5
131,29476.4,0.596,0.0,0.0,0.0,5
132,29696.8,0.6,0.0,0.0,0.0,5
133,29898.2,0.608,0.0,0.0,0.0,5
134,30145.4,0.608,0.0,0.0,0.0,5
135,30479.4,0.608,0.0,0.0,0.0,5
136,30715.2,0.62,0.0,0.0,0.0,5
137,31021.0,0.62,0.0,0.0,0.0,5
138,31245.2,0.628,0.0,0.0,0.0,5
139,31470.4,0.632,0.0,0.0,0.0,5
140,31716.2,0.6359999999999999,0.0,0.0,0.0,5
141,31948.6,0.64,0.0,0.0,0.0,5
142,32149.6,0.656,0.0,0.0,0.0,5
143,32372.8,0.664,0.0,0.0,0.0,5
144,32584.4,0.6679999999999999,0.0,0.0,0.0,5
145,32824.4,0.6719999999999999,0.0,0.0,0.0,5
146,33032.2,0.6679999999999999,0.0,0.0,0.0,5
147,33216.6,0.6719999999999999,0.0,0.0,0.0,5
148,33390.6,0.6719999999999999,0.0,0.0,0.0,5
149,33608.4,0.6799999999999999,0.0,0.0,0.0,5
150,33838.0,0.6759999999999999,0.0,0.0,0.0,5
151,34102.6,0.6799999999999999,0.0,0.0,0.0,5
152,34327.2,0.6839999999999999,0.0,0.0,0.0,5
153,34565.4,0.692,0.0,0.0,0.0,5
154,34748.6,0.7,0.0,0.0,0.0,5
155,34915.6,0.7,0.0,0.0,0.0,5
156,35131.8,0.696,0.0,0.0,0.0,5
157,35331.0,0.696,0.0,0.0,0.0,5
158,35585.0,0.704,0.0,0.0,0.0,5
159,35757.6,0.708,0.0,0.0,0.0,5
160,36022.8,0.712,0.0,0.0,0.0,5
161,36198.6,0.72,0.0,0.0,0.0,5
162,36427.2,0.724,0.0,0.0,0.0,5
163,36640.6,0.724,0.0,0.0,0.0,5
164,36849.8,0.728,0.0,0.0,0.0,5
165,37049.4,0.732,0.0,0.0,0.0,5
166,37213.2,0.732,0.0,0.0,0.0,5
167,37387.4,0.732,0.0,0.0,0.0,5
168,37609.8,0.728,0.0,0.0,0.0,5
169,37868.8,0.732,0.0,0.0,0.0,5
170,38089.6,0.74,0.0,0.0,0.0,5
171,38259.2,0.744,0.0,0.0,0.0,5
172,38520.2,0.744,0.0,0.0,0.0,5
173,38772.2,0.752,0.0,0.0,0.0,5
174,38946.2,0.748,0.0,0.0,0.0,5
175,39128.2,0.748,0.0,0.0,0.0,5
176,39298.4,0.752,0.0,0.0,0.0,5
177,39512.2,0.756,0.0,0.0,0.0,5
178,39707.2,0.756,0.0,0.0,0.0,5
179,39926.6,0.756,0.0,0.0,0.0,5
180,40191.0,0.76,0.0,0.0,0.0,5
181,40407.4,0.76,0.0,0.0,0.0,5
182,40587.0,0.764,0.0,0.0,0.0,5
183,40779.6,0.764,0.0,0.0,0.0,5
184,40949.6,0.768,0.0,0.0,0.0,5
185,41158.0,0.772,0.0,0.0,0.0,5
186,41344.2,0.772,0.0,0.0,0.0,5
187,41540.8,0.776,0.0,0.0,0.0,5
188,41732.2,0.776,0.0,0.0,0.0,5
189,42014.2,0.784,0.0,0.0,0.0,5
190,42226.2,0.788,0.0,0.0,0.0,5
191,42451.4,0.788,0.0,0.0,0.0,5
192,42654.6,0.788,0.0,0.0,0.0,5
193,42847.0,0.788,0.0,0.0,0.0,5
194,43035.0,0.788,0.0,0.0,0.0,5
195,43240.2,0.792,0.0,0.0,0.0,5
196,43436.6,0.792,0.0,0.0,0.0,5
197,43702.8,0.8,0.0,0.0,0.0,5
198,43982.0,0.8039999999999999,0.0,0.0,0.0,5
199,44167.4,0.8039999999999999,0.0,0.0,0.0,5
200,44335.2,0.808,0.0,0.0,0.0,5
201,44492.4,0.8039999999999999,0.0,0.0,0.0,5
202,44653.6,0.8039999999999999,0.0,0.0,0.0,5
203,44836.0,0.8039999999999999,0.0,0.0,0.0,5
204,45001.6,0.8039999999999999,0.0,0.0,0.0,5
205,45178.6,0.8039999999999999,0.0,0.0,0.0,5
206,45332.8,0.808,0.0,0.0,0.0,5
207,45510.4,0.808,0.0,0.0,0.0,5
208,45679.8,0.8039999999999999,0.0,0.0,0.0,5
209,45883.6,0.8039999999999999,0.0,0.0,0.0,5
210,46049.0,0.8039999999999999,0.0,0.0,0.0,5
211,46220.0,0.8039999999999999,0.0,0.0,0.0,5
212,46431.4,0.8039999999999999,0.0,0.0,0.0,5
213,46634.6,0.8039999999999999,0.0,0.0,0.0,5
214,46837.6,0.8039999999999999,0.0,0.0,0.0,5
215,47004.4,0.8039999999999999,0.0,0.0,0.0,5
216,47190.4,0.8039999999999999,0.0,0.0,0.0,5
217,47382.6,0.8039999999999999,0.0,0.0,0.0,5
218,47562.8,0.8119999999999999,0.0,0.0,0.0,5
219,47768.8,0.8119999999999999,0.0,0.0,0.0,5
220,47970.2,0.8119999999999999,0.0,0.0,0.0,5
221,48167.8,0.8119999999999999,0.0,0.0,0.0,5
222,48365.2,0.8119999999999999,0.0,0.0,0.0,5
223,48645.8,0.8160000000000001,0.0,0.0,0.0,5
224,48818.0,0.8160000000000001,0.0,0.0,0.0,5
225,49000.8,0.8160000000000001,0.0,0.0,0.0,5
226,49209.2,0.8160000000000001,0.0,0.0,0.0,5
227,49487.2,0.8160000000000001,0.0,0.0,0.0,5
228,49771.4,0.82,0.0,0.0,0.0,5
229,49945.6,0.82,0.0,0.0,0.0,5
230,50163.2,0.82,0.0,0.0,0.0,5
231,50382.4,0.8240000000000001,0.0,0.0,0.0,5
232,50656.8,0.8240000000000001,0.0,0.0,0.0,5
233,50817.4,0.8240000000000001,0.0,0.0,0.0,5
234,50978.4,0.8240000000000001,0.0,0.0,0.0,5
235,51146.4,0.8240000000000001,0.0,0.0,0.0,5
236,51330.2,0.8240000000000001,0.0,0.0,0.0,5
237,51509.2,0.8240000000000001,0.0,0.0,0.0,5
238,51675.2,0.8240000000000001,0.0,0.0,0.0,5
239,51830.6,0.82,0.0,0.0,0.0,5
240,51981.8,0.82,0.0,0.0,0.0,5
241,52150.0,0.82,0.0,0.0,0.0,5
242,52316.4,0.82,0.0,0.0,0.0,5
243,52490.6,0.82,0.0,0.0,0.0,5
244,52656.2,0.82,0.0,0.0,0.0,5
245,52834.4,0.82,0.0,0.0,0.0,5
246,53001.6,0.82,0.0,0.0,0.0,5
247,53176.8,0.8160000000000001,0.0,0.0,0.0,5
248,53327.0,0.8160000000000001,0.0,0.0,0.0,5
249,53486.6,0.8160000000000001,0.0,0.0,0.0,5
250,53651.4,0.8160000000000001,0.0,0.0,0.0,5
251,53819.4,0.8160000000000001,0.0,0.0,0.0,5
252,53984.4,0.8160000000000001,0.0,0.0,0.0,5
253,54164.6,0.8160000000000001,0.0,0.0,0.0,5
254,54307.8,0.8160000000000001,0.0,0.0,0.0,5
255,54463.0,0.8160000000000001,0.0,0.0,0.0,5
256,54621.8,0.8160000000000001,0.0,0.0,0.0,5
257,54847.4,0.82,0.0,0.0,0.0,5
258,55037.2,0.8240000000000001,0.0,0.0,0.0,5
259,55246.8,0.828,0.0,0.0,0.0,5
260,55476.4,0.828,0.0,0.0,0.0,5
261,55642.2,0.828,0.0,0.0,0.0,5
262,55860.6,0.8320000000000001,0.0,0.0,0.0,5
263,56108.8,0.836,0.0,0.0,0.0,5
264,56309.2,0.836,0.0,0.0,0.0,5
265,56497.0,0.836,0.0,0.0,0.0,5
266,56684.4,0.836,0.0,0.0,0.0,5
267,56862.8,0.836,0.0,0.0,0.0,5
268,57034.0,0.836,0.0,0.0,0.0,5
269,57221.0,0.836,0.0,0.0,0.0,5
270,57410.4,0.836,0.0,0.0,0.0,5
271,57599.2,0.836,0.0,0.0,0.0,5
272,57765.8,0.836,0.0,0.0,0.0,5
273,57962.2,0.8320000000000001,0.0,0.0,0.0,5
274,58121.2,0.8320000000000001,0.0,0.0,0.0,5
275,58308.2,0.8320000000000001,0.0,0.0,0.0,5
276,58481.2,0.8320000000000001,0.0,0.0,0.0,5
277,58657.8,0.8320000000000001,0.0,0.0,0.0,5
278,58841.6,0.828,0.0,0.0,0.0,5
279,59016.0,0.828,0.0,0.0,0.0,5
280,59185.0,0.8240000000000001,0.0,0.0,0.0,5
281,59354.0,0.82,0.0,0.0,0.0,5
282,59536.0,0.82,0.0,0.0,0.0,5
283,59751.4,0.8240000000000001,0.0,0.0,0.0,5
284,59978.0,0.828,0.0,0.0,0.0,5
285,60207.2,0.8320000000000001,0.0,0.0,0.0,5
286,60452.6,0.836,0.0,0.0,0.0,5
287,60698.6,0.8400000000000001,0.0,0.0,0.0,5
288,60851.6,0.8400000000000001,0.0,0.0,0.0,5
289,61021.4,0.8400000000000001,0.0,0.0,0.0,5
290,61199.0,0.8400000000000001,0.0,0.0,0.0,5
291,61441.6,0.844,0.0,0.0,0.0,5
292,61601.6,0.844,0.0,0.0,0.0,5
293,61806.8,0.8480000000000001,0.0,0.0,0.0,5
294,62021.8,0.852,0.0,0.0,0.0,5
295,62209.2,0.852,0.0,0.0,0.0,5
296,62363.4,0.852,0.0,0.0,0.0,5
297,62542.4,0.8560000000000001,0.0,0.0,0.0,5
298,62715.0,0.86,0.0,0.0,0.0,5
299,62909.8,0.8640000000000001,0.0,0.0,0.0,5
300,63092.6,0.8640000000000001,0.0,0.0,0.0,5
301,63263.6,0.8640000000000001,0.0,0.0,0.0,5
302,63442.0,0.8640000000000001,0.0,0.0,0.0,5
303,63603.8,0.8640000000000001,0.0,0.0,0.0,5
304,63797.6,0.8640000000000001,0.0,0.0,0.0,5
305,64004.6,0.868,0.0,0.0,0.0,5
306,64296.4,0.868,0.0,0.0,0.0,5
307,64489.0,0.868,0.0,0.0,0.0,5
308,64694.6,0.868,0.0,0.0,0.0,5
309,64877.0,0.8640000000000001,0.0,0.0,0.0,5
310,65024.2,0.8640000000000001,0.0,0.0,0.0,5
311,65201.0,0.8640000000000001,0.0,0.0,0.0,5
312,65412.4,0.8640000000000001,0.0,0.0,0.0,5
313,65571.2,0.86,0.0,0.0,0.0,5
314,65802.6,0.86,0.0,0.0,0.0,5
315,65943.6,0.86,0.0,0.0,0.0,5
316,66089.6,0.86,0.0,0.0,0.0,5
317,66225.2,0.86,0.0,0.0,0.0,5
318,66377.2,0.86,0.0,0.0,0.0,5
319,66523.0,0.86,0.0,0.0,0.0,5
320,66715.0,0.8640000000000001,0.0,0.0,0.0,5
321,66895.8,0.868,0.0,0.0,0.0,5
322,67078.6,0.8720000000000001,0.0,0.0,0.0,5
323,67269.0,0.876,0.0,0.0,0.0,5
324,67405.4,0.876,0.0,0.0,0.0,5
325,67552.2,0.876,0.0,0.0,0.0,5
326,67695.2,0.876,0.0,0.0,0.0,5
327,67876.2,0.8800000000000001,0.0,0.0,0.0,5
328,68063.8,0.884,0.0,0.0,0.0,5
329,68240.8,0.8880000000000001,0.0,0.0,0.0,5
330,68412.6,0.892,0.0,0.0,0.0,5
331,68592.8,0.8960000000000001,0.0,0.0,0.0,5
332,68800.4,0.9,0.0,0.0,0.0,5
333,68997.8,0.9,0.0,0.0,0.0,5
334,69177.8,0.9,0.0,0.0,0.0,5
335,69358.4,0.9,0.0,0.0,0.0,5
336,69498.8,0.8960000000000001,0.0,0.0,0.0,5
337,69639.4,0.892,0.0,0.0,0.0,5
338,69783.8,0.892,0.0,0.0,0.0,5
339,69971.4,0.8960000000000001,0.0,0.0,0.0,5
340,70152.6,0.9,0.0,0.0,0.0,5
341,70329.2,0.9,0.0,0.0,0.0,5
342,70514.8,0.9039999999999999,0.0,0.0,0.0,5
343,70698.4,0.9039999999999999,0.0,0.0,0.0,5
344,70835.0,0.9,0.0,0.0,0.0,5
345,71013.0,0.9039999999999999,0.0,0.0,0.0,5
346,71155.2,0.9039999999999999,0.0,0.0,0.0,5
347,71319.6,0.9039999999999999,0.0,0.0,0.0,5
348,71503.0,0.9039999999999999,0.0,0.0,0.0,5
349,71689.8,0.9039999999999999,0.0,0.0,0.0,5
350,71863.2,0.908,0.0,0.0,0.0,5
351,72050.8,0.9120000000000001,0.0,0.0,0.0,5
352,72228.2,0.916,0.0,0.0,0.0,5
353,72390.2,0.9199999999999999,0.0,0.0,0.0,5
354,72595.4,0.924,0.0,0.0,0.0,5
355,72832.8,0.924,0.0,0.0,0.0,5
356,73032.4,0.9279999999999999,0.0,0.0,0.0,5
357,73166.0,0.924,0.0,0.0,0.0,5
358,73299.6,0.9199999999999999,0.0,0.0,0.0,5
359,73436.6,0.9199999999999999,0.0,0.0,0.0,5
360,73647.8,0.924,0.0,0.0,0.0,5
361,73789.4,0.924,0.0,0.0,0.0,5
362,73925.8,0.9199999999999999,0.0,0.0,0.0,5
363,74118.2,0.924,0.0,0.0,0.0,5
364,74288.4,0.9279999999999999,0.0,0.0,0.0,5
365,74418.4,0.9279999999999999,0.0,0.0,0.0,5
366,74548.2,0.9279999999999999,0.0,0.0,0.0,5
367,74672.0,0.9279999999999999,0.0,0.0,0.0,5
368,74879.0,0.932,0.0,0.0,0.0,5
369,75051.8,0.9359999999999999,0.0,0.0,0.0,5
370,75175.8,0.932,0.0,0.0,0.0,5
371,75306.0,0.9279999999999999,0.0,0.0,0.0,5
372,75437.2,0.924,0.0,0.0,0.0,5
373,75627.8,0.924,0.0,0.0,0.0,5
374,75763.6,0.924,0.0,0.0,0.0,5
375,75899.6,0.924,0.0,0.0,0.0,5
376,76029.0,0.924,0.0,0.0,0.0,5
377,76161.4,0.9199999999999999,0.0,0.0,0.0,5
378,76291.6,0.916,0.0,0.0,0.0,5
379,76512.6,0.916,0.0,0.0,0.0,5
380,76755.6,0.9120000000000001,0.0,0.0,0.0,5
381,76960.0,0.9120000000000001,0.0,0.0,0.0,5
382,77175.2,0.9120000000000001,0.0,0.0,0.0,5
383,77312.4,0.908,0.0,0.0,0.0,5
384,77441.8,0.9039999999999999,0.0,0.0,0.0,5
385,77573.0,0.9,0.0,0.0,0.0,5
386,77798.0,0.9,0.0,0.0,0.0,5
387,77921.4,0.9,0.0,0.0,0.0,5
388,78047.8,0.9,0.0,0.0,0.0,5
389,78177.8,0.8960000000000001,0.0,0.0,0.0,5
390,78308.4,0.892,0.0,0.0,0.0,5
391,78433.8,0.8880000000000001,0.0,0.0,0.0,5
392,78579.0,0.884,0.0,0.0,0.0,5
393,78712.2,0.8800000000000001,0.0,0.0,0.0,5
394,78846.6,0.8800000000000001,0.0,0.0,0.0,5
395,78980.8,0.876,0.0,0.0,0.0,5
396,79103.8,0.876,0.0,0.0,0.0,5
397,79227.4,0.8720000000000001,0.0,0.0,0.0,5
398,79433.4,0.8720000000000001,0.0,0.0,0.0,5
399,79565.8,0.868,0.0,0.0,0.0,5
400,79696.6,0.8640000000000001,0.0,0.0,0.0,5
401,79827.8,0.86,0.0,0.0,0.0,5
402,79958.2,0.8560000000000001,0.0,0.0,0.0,5
403,80169.2,0.8560000000000001,0.0,0.0,0.0,5
404,80368.0,0.8560000000000001,0.0,0.0,0.0,5
405,80530.0,0.8560000000000001,0.0,0.0,0.0,5
406,80698.4,0.8560000000000001,0.0,0.0,0.0,5
407,80898.6,0.86,0.0,0.0,0.0,5
408,81070.2,0.8640000000000001,0.0,0.0,0.0,5
409,81262.6,0.868,0.0,0.0,0.0,5
410,81444.8,0.868,0.0,0.0,0.0,5
411,81644.8,0.8720000000000001,0.0,0.0,0.0,5
412,81809.0,0.876,0.0,0.0,0.0,5
413,81988.6,0.876,0.0,0.0,0.0,5
414,82115.6,0.8720000000000001,0.0,0.0,0.0,5
415,82250.2,0.8720000000000001,0.0,0.0,0.0,5
416,82404.8,0.876,0.0,0.0,0.0,5
417,82576.6,0.8800000000000001,0.0,0.0,0.0,5
418,82750.0,0.8800000000000001,0.0,0.0,0.0,5
419,82952.4,0.8800000000000001,0.0,0.0,0.0,5
420,83096.6,0.8800000000000001,0.0,0.0,0.0,5
421,83276.6,0.884,0.0,0.0,0.0,5
422,83385.6,0.884,0.0,0.0,0.0,5
423,83506.6,0.8800000000000001,0.0,0.0,0.0,5
424,83687.4,0.884,0.0,0.0,0.0,5
425,83856.0,0.8880000000000001,0.0,0.0,0.0,5
426,84033.0,0.892,0.0,0.0,0.0,5
427,84209.8,0.8960000000000001,0.0,0.0,0.0,5
428,84339.2,0.8960000000000001,0.0,0.0,0.0,5
429,84498.8,0.8960000000000001,0.0,0.0,0.0,5
430,84621.6,0.8960000000000001,0.0,0.0,0.0,5
431,84739.2,0.892,0.0,0.0,0.0,5
432,84861.6,0.8880000000000001,0.0,0.0,0.0,5
433,84988.0,0.8880000000000001,0.0,0.0,0.0,5
434,85114.2,0.8880000000000001,0.0,0.0,0.0,5
435,85238.8,0.8880000000000001,0.0,0.0,0.0,5
436,85362.6,0.8880000000000001,0.0,0.0,0.0,5
437,85484.8,0.8880000000000001,0.0,0.0,0.0,5
438,85605.0,0.8880000000000001,0.0,0.0,0.0,5
439,85724.0,0.8880000000000001,0.0,0.0,0.0,5
440,85848.2,0.8880000000000001,0.0,0.0,0.0,5
441,85978.0,0.8880000000000001,0.0,0.0,0.0,5
442,86104.0,0.8880000000000001,0.0,0.0,0.0,5
443,86220.6,0.8880000000000001,0.0,0.0,0.0,5
444,86343.0,0.8880000000000001,0.0,0.0,0.0,5
445,86464.4,0.8880000000000001,0.0,0.0,0.0,5
446,86596.4,0.8880000000000001,0.0,0.0,0.0,5
447,86816.0,0.8880000000000001,0.0,0.0,0.0,5
448,87030.0,0.884,0.0,0.0,0.0,5
449,87150.4,0.884,0.0,0.0,0.0,5
450,87271.4,0.884,0.0,0.0,0.0,5
451,87389.0,0.884,0.0,0.0,0.0,5
452,87521.6,0.884,0.0,0.0,0.0,5
453,87640.8,0.8800000000000001,0.0,0.0,0.0,5
454,87761.8,0.876,0.0,0.0,0.0,5
455,87900.0,0.8720000000000001,0.0,0.0,0.0,5
456,88021.4,0.868,0.0,0.0,0.0,5
457,88140.8,0.8640000000000001,0.0,0.0,0.0,5
458,88350.8,0.8640000000000001,0.0,0.0,0.0,5
459,88477.2,0.86,0.0,0.0,0.0,5
460,88604.6,0.8560000000000001,0.0,0.0,0.0,5
461,88728.0,0.852,0.0,0.0,0.0,5
462,88854.8,0.8480000000000001,0.0,0.0,0.0,5
463,89023.4,0.8480000000000001,0.0,0.0,0.0,5
464,89141.0,0.8480000000000001,0.0,0.0,0.0,5
465,89257.6,0.8480000000000001,0.0,0.0,0.0,5
466,89376.2,0.844,0.0,0.0,0.0,5
467,89499.0,0.8400000000000001,0.0,0.0,0.0,5
468,89620.0,0.836,0.0,0.0,0.0,5
469,89746.4,0.8320000000000001,0.0,0.0,0.0,5
470,89870.8,0.8320000000000001,0.0,0.0,0.0,5
471,89994.2,0.828,0.0,0.0,0.0,5
472,90117.2,0.828,0.0,0.0,0.0,5
473,90235.0,0.828,0.0,0.0,0.0,5
474,90357.6,0.8240000000000001,0.0,0.0,0.0,5
475,90483.4,0.82,0.0,0.0,0.0,5
476,90596.8,0.8160000000000001,0.0,0.0,0.0,5
477,90715.6,0.8119999999999999,0.0,0.0,0.0,5
478,90828.4,0.8119999999999999,0.0,0.0,0.0,5
479,90941.8,0.808,0.0,0.0,0.0,5
480,91066.4,0.808,0.0,0.0,0.0,5
481,91181.4,0.808,0.0,0.0,0.0,5
482,91296.2,0.808,0.0,0.0,0.0,5
483,91410.8,0.808,0.0,0.0,0.0,5
484,91525.6,0.808,0.0,0.0,0.0,5
485,91648.2,0.808,0.0,0.0,0.0,5
486,91761.6,0.808,0.0,0.0,0.0,5
487,91879.4,0.808,0.0,0.0,0.0,5
488,91995.6,0.808,0.0,0.0,0.0,5
489,92156.4,0.8119999999999999,0.0,0.0,0.0,5
490,92309.4,0.8160000000000001,0.0,0.0,0.0,5
491,92511.6,0.82,0.0,0.0,0.0,5
492,92718.4,0.8240000000000001,0.0,0.0,0.0,5
493,92848.8,0.8240000000000001,0.0,0.0,0.0,5
494,92973.4,0.8240000000000001,0.0,0.0,0.0,5
495,93097.2,0.8240000000000001,0.0,0.0,0.0,5
496,93223.2,0.8240000000000001,0.0,0.0,0.0,5
497,93346.8,0.8240000000000001,0.0,0.0,0.0,5
498,93473.2,0.8240000000000001,0.0,0.0,0.0,5
499,93591.0,0.8240000000000001,0.0,0.0,0.0,5
500,93709.2,0.8240000000000001,0.0,0.0,0.0,5
501,93845.6,0.8240000000000001,0.0,0.0,0.0,5
502,93965.0,0.8240000000000001,0.0,0.0,0.0,5
503,94089.2,0.8240000000000001,0.0,0.0,0.0,5
504,94218.0,0.8240000000000001,0.0,0.0,0.0,5
505,94348.8,0.8240000000000001,0.0,0.0,0.0,5
506,94471.8,0.8240000000000001,0.0,0.0,0.0,5
507,94597.0,0.8240000000000001,0.0,0.0,0.0,5
508,94722.8,0.82,0.0,0.0,0.0,5
509,94854.2,0.82,0.0,0.0,0.0,5
510,95072.4,0.82,0.0,0.0,0.0,5
511,95194.6,0.82,0.0,0.0,0.0,5
512,95309.0,0.82,0.0,0.0,0.0,5
513,95428.0,0.8160000000000001,0.0,0.0,0.0,5
514,95546.6,0.8160000000000001,0.0,0.0,0.0,5
515,95666.0,0.8160000000000001,0.0,0.0,0.0,5
516,95784.4,0.8160000000000001,0.0,0.0,0.0,5
517,95899.0,0.8160000000000001,0.0,0.0,0.0,5
518,96085.6,0.82,0.0,0.0,0.0,5
519,96202.0,0.82,0.0,0.0,0.0,5
520,96312.2,0.82,0.0,0.0,0.0,5
521,96424.2,0.82,0.0,0.0,0.0,5
522,96551.4,0.82,0.0,0.0,0.0,5
523,96686.2,0.82,0.0,0.0,0.0,5
524,96823.0,0.82,0.0,0.0,0.0,5
525,96946.2,0.82,0.0,0.0,0.0,5
526,97067.0,0.82,0.0,0.0,0.0,5
527,97247.2,0.8240000000000001,0.0,0.0,0.0,5
528,97366.0,0.8240000000000001,0.0,0.0,0.0,5
529,97480.2,0.8240000000000001,0.0,0.0,0.0,5
530,97594.8,0.8240000000000001,0.0,0.0,0.0,5
531,97717.8,0.8240000000000001,0.0,0.0,0.0,5
532,97841.8,0.8240000000000001,0.0,0.0,0.0,5
533,97965.2,0.8240000000000001,0.0,0.0,0.0,5
534,98169.2,0.828,0.0,0.0,0.0,5
535,98374.6,0.828,0.0,0.0,0.0,5
536,98487.6,0.828,0.0,0.0,0.0,5
537,98613.6,0.828,0.0,0.0,0.0,5
538,98736.2,0.828,0.0,0.0,0.0,5
539,98849.2,0.8240000000000001,0.0,0.0,0.0,5
540,98966.8,0.82,0.0,0.0,0.0,5
541,99090.2,0.8160000000000001,0.0,0.0,0.0,5
542,99216.8,0.8119999999999999,0.0,0.0,0.0,5
543,99343.2,0.8119999999999999,0.0,0.0,0.0,5
544,99458.0,0.8119999999999999,0.0,0.0,0.0,5
545,99576.8,0.8119999999999999,0.0,0.0,0.0,5
546,99710.2,0.8119999999999999,0.0,0.0,0.0,5
547,99881.2,0.8160000000000001,0.0,0.0,0.0,5
548,100036.4,0.82,0.0,0.0,0.0,5
549,100187.8,0.8240000000000001,0.0,0.0,0.0,5
550,100341.0,0.828,0.0,0.0,0.0,5
551,100518.4,0.8320000000000001,0.0,0.0,0.0,5
552,100650.8,0.8320000000000001,0.0,0.0,0.0,5
553,100766.0,0.8320000000000001,0.0,0.0,0.0,5
554,100889.0,0.8320000000000001,0.0,0.0,0.0,5
555,101013.0,0.8320000000000001,0.0,0.0,0.0,5
556,101139.4,0.8320000000000001,0.0,0.0,0.0,5
557,101271.0,0.8320000000000001,0.0,0.0,0.0,5
558,101400.2,0.8320000000000001,0.0,0.0,0.0,5
559,101520.0,0.8320000000000001,0.0,0.0,0.0,5
560,101674.4,0.836,0.0,0.0,0.0,5
561,101803.4,0.836,0.0,0.0,0.0,5
562,101949.4,0.836,0.0,0.0,0.0,5
563,102101.6,0.8400000000000001,0.0,0.0,0.0,5
564,102266.6,0.844,0.0,0.0,0.0,5
565,102430.0,0.8480000000000001,0.0,0.0,0.0,5
566,102640.2,0.852,0.0,0.0,0.0,5
567,102769.6,0.852,0.0,0.0,0.0,5
568,102891.4,0.8480000000000001,0.0,0.0,0.0,5
569,103059.0,0.852,0.0,0.0,0.0,5
570,103255.0,0.8560000000000001,0.0,0.0,0.0,5
571,103421.6,0.86,0.0,0.0,0.0,5
572,103532.2,0.86,0.0,0.0,0.0,5
573,103643.8,0.86,0.0,0.0,0.0,5
574,103759.6,0.86,0.0,0.0,0.0,5
575,103872.8,0.86,0.0,0.0,0.0,5
576,103999.0,0.86,0.0,0.0,0.0,5
577,104116.0,0.8560000000000001,0.0,0.0,0.0,5
578,104233.8,0.8560000000000001,0.0,0.0,0.0,5
579,104346.0,0.8560000000000001,0.0,0.0,0.0,5
580,104461.4,0.8560000000000001,0.0,0.0,0.0,5
581,104584.8,0.8560000000000001,0.0,0.0,0.0,5
582,104706.0,0.8560000000000001,0.0,0.0,0.0,5
583,104819.8,0.8560000000000001,0.0,0.0,0.0,5
584,104931.4,0.852,0.0,0.0,0.0,5
585,105046.2,0.852,0.0,0.0,0.0,5
586,105223.2,0.8560000000000001,0.0,0.0,0.0,5
587,105337.8,0.8560000000000001,0.0,0.0,0.0,5
588,105452.6,0.8560000000000001,0.0,0.0,0.0,5
589,105570.4,0.8560000000000001,0.0,0.0,0.0,5
590,105731.8,0.86,0.0,0.0,0.0,5
591,105885.2,0.8640000000000001,0.0,0.0,0.0,5
592,106035.6,0.868,0.0,0.0,0.0,5
593,106156.2,0.868,0.0,0.0,0.0,5
594,106272.2,0.868,0.0,0.0,0.0,5
595,106381.6,0.868,0.0,0.0,0.0,5
596,106494.8,0.868,0.0,0.0,0.0,5
597,106610.0,0.8640000000000001,0.0,0.0,0.0,5
598,106723.8,0.86,0.0,0.0,0.0,5
599,106841.4,0.8560000000000001,0.0,0.0,0.0,5
600,106966.8,0.852,0.0,0.0,0.0,5
601,107092.2,0.8480000000000001,0.0,0.0,0.0,5
602,107201.8,0.8480000000000001,0.0,0.0,0.0,5
603,107314.8,0.8480000000000001,0.0,0.0,0.0,5
604,107451.0,0.8480000000000001,0.0,0.0,0.0,5
605,107578.6,0.8480000000000001,0.0,0.0,0.0,5
606,107702.2,0.8480000000000001,0.0,0.0,0.0,5
607,107823.6,0.8480000000000001,0.0,0.0,0.0,5
608,107949.8,0.8480000000000001,0.0,0.0,0.0,5
609,108135.0,0.852,0.0,0.0,0.0,5
610,108303.8,0.852,0.0,0.0,0.0,5
611,108465.2,0.8560000000000001,0.0,0.0,0.0,5
612,108585.2,0.8560000000000001,0.0,0.0,0.0,5
613,108733.0,0.8560000000000001,0.0,0.0,0.0,5
614,108910.8,0.8560000000000001,0.0,0.0,0.0,5
615,109054.6,0.8560000000000001,0.0,0.0,0.0,5
616,109201.6,0.8560000000000001,0.0,0.0,0.0,5
617,109355.4,0.86,0.0,0.0,0.0,5
618,109476.8,0.86,0.0,0.0,0.0,5
619,109653.2,0.86,0.0,0.0,0.0,5
620,109770.2,0.8560000000000001,0.0,0.0,0.0,5
621,109889.4,0.852,0.0,0.0,0.0,5
622,110054.6,0.8560000000000001,0.0,0.0,0.0,5
623,110170.0,0.8560000000000001,0.0,0.0,0.0,5
624,110287.6,0.8560000000000001,0.0,0.0,0.0,5
625,110410.8,0.8560000000000001,0.0,0.0,0.0,5
626,110529.4,0.8560000000000001,0.0,0.0,0.0,5
627,110652.8,0.8560000000000001,0.0,0.0,0.0,5
628,110771.2,0.8560000000000001,0.0,0.0,0.0,5
629,110890.2,0.8560000000000001,0.0,0.0,0.0,5
630,111007.2,0.8560000000000001,0.0,0.0,0.0,5
631,111127.4,0.8560000000000001,0.0,0.0,0.0,5
632,111250.0,0.8560000000000001,0.0,0.0,0.0,5
633,111411.4,0.86,0.0,0.0,0.0,5
634,111534.6,0.86,0.0,0.0,0.0,5
635,111659.4,0.86,0.0,0.0,0.0,5
636,111774.6,0.8560000000000001,0.0,0.0,0.0,5
637,111891.4,0.8560000000000001,0.0,0.0,0.0,5
638,112012.0,0.8560000000000001,0.0,0.0,0.0,5
639,112133.4,0.8560000000000001,0.0,0.0,0.0,5
640,112257.6,0.852,0.0,0.0,0.0,5
641,112385.0,0.8480000000000001,0.0,0.0,0.0,5
642,112509.2,0.844,0.0,0.0,0.0,5
643,112630.0,0.844,0.0,0.0,0.0,5
644,112747.6,0.844,0.0,0.0,0.0,5
645,112871.8,0.844,0.0,0.0,0.0,5
646,112987.4,0.844,0.0,0.0,0.0,5
647,113118.8,0.844,0.0,0.0,0.0,5
648,113233.0,0.844,0.0,0.0,0.0,5
649,113349.0,0.844,0.0,0.0,0.0,5
650,113472.6,0.844,0.0,0.0,0.0,5
651,113597.8,0.844,0.0,0.0,0.0,5
652,113725.0,0.844,0.0,0.0,0.0,5
653,113853.2,0.844,0.0,0.0,0.0,5
654,113967.8,0.844,0.0,0.0,0.0,5
655,114081.0,0.844,0.0,0.0,0.0,5
656,114200.0,0.844,0.0,0.0,0.0,5
657,114323.6,0.844,0.0,0.0,0.0,5
658,114481.2,0.8480000000000001,0.0,0.0,0.0,5
659,114605.8,0.844,0.0,0.0,0.0,5
660,114727.0,0.8400000000000001,0.0,0.0,0.0,5
661,114847.8,0.836,0.0,0.0,0.0,5
662,115025.0,0.8400000000000001,0.0,0.0,0.0,5
663,115143.8,0.836,0.0,0.0,0.0,5
664,115257.4,0.8320000000000001,0.0,0.0,0.0,5
665,115374.6,0.828,0.0,0.0,0.0,5
666,115487.0,0.8240000000000001,0.0,0.0,0.0,5
667,115605.4,0.82,0.0,0.0,0.0,5
668,115745.2,0.8240000000000001,0.0,0.0,0.0,5
669,115862.8,0.82,0.0,0.0,0.0,5
670,116017.8,0.8240000000000001,0.0,0.0,0.0,5
671,116134.4,0.8240000000000001,0.0,0.0,0.0,5
672,116247.8,0.82,0.0,0.0,0.0,5
673,116372.4,0.82,0.0,0.0,0.0,5
674,116509.2,0.82,0.0,0.0,0.0,5
675,116633.0,0.82,0.0,0.0,0.0,5
676,116759.0,0.82,0.0,0.0,0.0,5
677,116876.4,0.82,0.0,0.0,0.0,5
678,117028.0,0.8240000000000001,0.0,0.0,0.0,5
679,117144.8,0.8240000000000001,0.0,0.0,0.0,5
680,117344.2,0.828,0.0,0.0,0.0,5
681,117481.8,0.828,0.0,0.0,0.0,5
682,117611.4,0.828,0.0,0.0,0.0,5
683,117735.6,0.8240000000000001,0.0,0.0,0.0,5
684,117868.4,0.8240000000000001,0.0,0.0,0.0,5
685,117984.4,0.8240000000000001,0.0,0.0,0.0,5
686,118098.6,0.8240000000000001,0.0,0.0,0.0,5
687,118217.2,0.8240000000000001,0.0,0.0,0.0,5
688,118346.4,0.8240000000000001,0.0,0.0,0.0,5
689,118507.2,0.828,0.0,0.0,0.0,5
690,118626.0,0.828,0.0,0.0,0.0,5
691,118742.8,0.828,0.0,0.0,0.0,5
692,118861.2,0.828,0.0,0.0,0.0,5
693,118979.2,0.828,0.0,0.0,0.0,5
694,119099.6,0.828,0.0,0.0,0.0,5
695,119226.6,0.828,0.0,0.0,0.0,5
696,119338.4,0.828,0.0,0.0,0.0,5
697,119458.8,0.828,0.0,0.0,0.0,5
698,119588.4,0.828,0.0,0.0,0.0,5
699,119724.2,0.828,0.0,0.0,0.0,5
700,119937.0,0.8320000000000001,0.0,0.0,0.0,5
701,120084.8,0.8320000000000001,0.0,0.0,0.0,5
702,120211.6,0.8320000000000001,0.0,0.0,0.0,5
703,120340.2,0.8320000000000001,0.0,0.0,0.0,5
704,120483.6,0.8320000000000001,0.0,0.0,0.0,5
705,120626.8,0.8320000000000001,0.0,0.0,0.0,5
706,120760.4,0.8320000000000001,0.0,0.0,0.0,5
707,120878.8,0.8320000000000001,0.0,0.0,0.0,5
708,120989.8,0.828,0.0,0.0,0.0,5
709,121100.6,0.828,0.0,0.0,0.0,5
710,121215.4,0.828,0.0,0.0,0.0,5
711,121330.4,0.828,0.0,0.0,0.0,5
712,121443.2,0.8240000000000001,0.0,0.0,0.0,5
713,121557.2,0.8240000000000001,0.0,0.0,0.0,5
714,121667.0,0.8240000000000001,0.0,0.0,0.0,5
715,121790.4,0.8240000000000001,0.0,0.0,0.0,5
716,121909.6,0.8240000000000001,0.0,0.0,0.0,5
717,122024.6,0.8240000000000001,0.0,0.0,0.0,5
718,122139.4,0.82,0.0,0.0,0.0,5
719,122324.6,0.8240000000000001,0.0,0.0,0.0,5
720,122439.2,0.82,0.0,0.0,0.0,5
721,122551.4,0.82,0.0,0.0,0.0,5
722,122664.6,0.82,0.0,0.0,0.0,5
723,122783.6,0.82,0.0,0.0,0.0,5
724,122895.8,0.82,0.0,0.0,0.0,5
725,123008.4,0.82,0.0,0.0,0.0,5
726,123125.6,0.82,0.0,0.0,0.0,5
727,123268.2,0.8240000000000001,0.0,0.0,0.0,5
728,123410.4,0.8240000000000001,0.0,0.0,0.0,5
729,123533.2,0.8240000000000001,0.0,0.0,0.0,5
730,123651.6,0.82,0.0,0.0,0.0,5
731,123780.6,0.82,0.0,0.0,0.0,5
732,123895.8,0.82,0.0,0.0,0.0,5
733,124012.8,0.82,0.0,0.0,0.0,5
734,124135.4,0.82,0.0,0.0,0.0,5
735,124263.0,0.82,0.0,0.0,0.0,5
736,124388.0,0.82,0.0,0.0,0.0,5
737,124518.0,0.82,0.0,0.0,0.0,5
738,124650.2,0.82,0.0,0.0,0.0,5
739,124763.4,0.8160000000000001,0.0,0.0,0.0,5
740,124880.0,0.8160000000000001,0.0,0.0,0.0,5
741,125004.4,0.8160000000000001,0.0,0.0,0.0,5
742,125124.8,0.8160000000000001,0.0,0.0,0.0,5
743,125238.4,0.8160000000000001,0.0,0.0,0.0,5
744,125358.8,0.8160000000000001,0.0,0.0,0.0,5
745,125478.6,0.8160000000000001,0.0,0.0,0.0,5
746,125600.2,0.8160000000000001,0.0,0.0,0.0,5
747,125723.2,0.8160000000000001,0.0,0.0,0.0,5
748,125845.0,0.8160000000000001,0.0,0.0,0.0,5
749,125962.0,0.8160000000000001,0.0,0.0,0.0,5
750,126083.4,0.8119999999999999,0.0,0.0,0.0,5
751,126205.4,0.8119999999999999,0.0,0.0,0.0,5
752,126324.4,0.8119999999999999,0.0,0.0,0.0,5
753,126467.0,0.8119999999999999,0.0,0.0,0.0,5
754,126586.2,0.8119999999999999,0.0,0.0,0.0,5
755,126706.8,0.8119999999999999,0.0,0.0,0.0,5
756,126833.0,0.8119999999999999,0.0,0.0,0.0,5
757,126961.4,0.8119999999999999,0.0,0.0,0.0,5
758,127096.2,0.8119999999999999,0.0,0.0,0.0,5
759,127230.4,0.8119999999999999,0.0,0.0,0.0,5
760,127358.8,0.8119999999999999,0.0,0.0,0.0,5
761,127475.2,0.8119999999999999,0.0,0.0,0.0,5
762,127594.8,0.8119999999999999,0.0,0.0,0.0,5
763,127712.4,0.8119999999999999,0.0,0.0,0.0,5
764,127832.8,0.8119999999999999,0.0,0.0,0.0,5
765,127952.8,0.8119999999999999,0.0,0.0,0.0,5
766,128070.4,0.8119999999999999,0.0,0.0,0.0,5
767,128187.2,0.8119999999999999,0.0,0.0,0.0,5
768,128300.0,0.8119999999999999,0.0,0.0,0.0,5
769,128419.2,0.808,0.0,0.0,0.0,5
770,128543.0,0.808,0.0,0.0,0.0,5
771,128661.2,0.808,0.0,0.0,0.0,5
772,128789.2,0.808,0.0,0.0,0.0,5
773,128924.6,0.808,0.0,0.0,0.0,5
774,129047.0,0.808,0.0,0.0,0.0,5
775,129159.0,0.808,0.0,0.0,0.0,5
776,129286.4,0.808,0.0,0.0,0.0,5
777,129406.8,0.8039999999999999,0.0,0.0,0.0,5
778,129529.8,0.8,0.0,0.0,0.0,5
779,129652.0,0.8,0.0,0.0,0.0,5
780,129769.0,0.8,0.0,0.0,0.0,5
781,129890.0,0.8,0.0,0.0,0.0,5
782,130005.4,0.8,0.0,0.0,0.0,5
783,130137.4,0.8,0.0,0.0,0.0,5
784,130263.4,0.8,0.0,0.0,0.0,5
785,130390.6,0.8,0.0,0.0,0.0,5
786,130524.0,0.8,0.0,0.0,0.0,5
787,130668.2,0.8,0.0,0.0,0.0,5
788,130789.6,0.8,0.0,0.0,0.0,5
789,130922.8,0.8,0.0,0.0,0.0,5
790,131045.0,0.8,0.0,0.0,0.0,5
791,131167.0,0.8,0.0,0.0,0.0,5
792,131301.2,0.8,0.0,0.0,0.0,5
793,131447.4,0.8,0.0,0.0,0.0,5
794,131567.4,0.8,0.0,0.0,0.0,5
795,131690.8,0.8,0.0,0.0,0.0,5
796,131819.4,0.8,0.0,0.0,0.0,5
797,131951.6,0.8,0.0,0.0,0.0,5
798,132082.0,0.8,0.0,0.0,0.0,5
799,132258.4,0.8039999999999999,0.0,0.0,0.0,5
800,132400.6,0.8039999999999999,0.0,0.0,0.0,5
801,132534.8,0.8039999999999999,0.0,0.0,0.0,5
802,132676.2,0.8039999999999999,0.0,0.0,0.0,5
803,132820.6,0.8039999999999999,0.0,0.0,0.0,5
804,132963.0,0.8039999999999999,0.0,0.0,0.0,5
805,133091.4,0.8039999999999999,0.0,0.0,0.0,5
806,133215.4,0.8039999999999999,0.0,0.0,0.0,5
807,133342.8,0.8039999999999999,0.0,0.0,0.0,5
808,133508.6,0.808,0.0,0.0,0.0,5
809,133630.6,0.808,0.0,0.0,0.0,5
810,133756.6,0.808,0.0,0.0,0.0,5
811,133883.6,0.808,0.0,0.0,0.0,5
812,134014.8,0.808,0.0,0.0,0.0,5
813,134152.2,0.808,0.0,0.0,0.0,5
814,134306.8,0.808,0.0,0.0,0.0,5
815,134448.6,0.808,0.0,0.0,0.0,5
816,134578.2,0.808,0.0,0.0,0.0,5
817,134702.6,0.808,0.0,0.0,0.0,5
818,134825.2,0.808,0.0,0.0,0.0,5
819,134968.6,0.808,0.0,0.0,0.0,5
820,135099.4,0.808,0.0,0.0,0.0,5
821,135222.4,0.808,0.0,0.0,0.0,5
822,135354.8,0.808,0.0,0.0,0.0,5
823,135502.2,0.808,0.0,0.0,0.0,5
824,135639.8,0.808,0.0,0.0,0.0,5
825,135759.8,0.808,0.0,0.0,0.0,5
826,135895.4,0.808,0.0,0.0,0.0,5
827,136039.4,0.808,0.0,0.0,0.0,5
828,136174.8,0.808,0.0,0.0,0.0,5
829,136326.4,0.808,0.0,0.0,0.0,5
830,136462.4,0.808,0.0,0.0,0.0,5
831,136618.8,0.808,0.0,0.0,0.0,5
832,136744.2,0.808,0.0,0.0,0.0,5
833,136863.4,0.808,0.0,0.0,0.0,5
834,136982.6,0.808,0.0,0.0,0.0,5
835,137102.6,0.808,0.0,0.0,0.0,5
836,137217.8,0.808,0.0,0.0,0.0,5
837,137332.2,0.808,0.0,0.0,0.0,5
838,137448.6,0.808,0.0,0.0,0.0,5
839,137567.2,0.808,0.0,0.0,0.0,5
840,137682.0,0.808,0.0,0.0,0.0,5
841,137803.6,0.808,0.0,0.0,0.0,5
842,137930.4,0.808,0.0,0.0,0.0,5
843,138054.8,0.808,0.0,0.0,0.0,5
844,138175.8,0.808,0.0,0.0,0.0,5
845,138296.6,0.808,0.0,0.0,0.0,5
846,138414.6,0.808,0.0,0.0,0.0,5
847,138537.4,0.808,0.0,0.0,0.0,5
848,138659.4,0.808,0.0,0.0,0.0,5
849,138782.4,0.8039999999999999,0.0,0.0,0.0,5
850,138899.4,0.8039999999999999,0.0,0.0,0.0,5
851,139018.4,0.8039999999999999,0.0,0.0,0.0,5
852,139151.4,0.8039999999999999,0.0,0.0,0.0,5
853,139280.8,0.8039999999999999,0.0,0.0,0.0,5
854,139403.2,0.8039999999999999,0.0,0.0,0.0,5
855,139523.4,0.8039999999999999,0.0,0.0,0.0,5
856,139648.8,0.8039999999999999,0.0,0.0,0.0,5
857,139770.2,0.8039999999999999,0.0,0.0,0.0,5
858,139898.2,0.8,0.0,0.0,0.0,5
859,140027.8,0.8,0.0,0.0,0.0,5
860,140226.6,0.8039999999999999,0.0,0.0,0.0,5
861,140410.2,0.808,0.0,0.0,0.0,5
862,140538.0,0.808,0.0,0.0,0.0,5
863,140665.6,0.808,0.0,0.0,0.0,5
864,140803.0,0.808,0.0,0.0,0.0,5
865,140930.2,0.808,0.0,0.0,0.0,5
866,141094.0,0.8119999999999999,0.0,0.0,0.0,5
867,141255.8,0.8160000000000001,0.0,0.0,0.0,5
868,141410.0,0.82,0.0,0.0,0.0,5
869,141556.6,0.8240000000000001,0.0,0.0,0.0,5
870,141710.2,0.828,0.0,0.0,0.0,5
871,141918.8,0.8320000000000001,0.0,0.0,0.0,5
872,142047.8,0.8320000000000001,0.0,0.0,0.0,5
873,142173.0,0.8320000000000001,0.0,0.0,0.0,5
874,142295.0,0.8320000000000001,0.0,0.0,0.0,5
875,142414.4,0.8320000000000001,0.0,0.0,0.0,5
876,142560.4,0.836,0.0,0.0,0.0,5
877,142684.8,0.836,0.0,0.0,0.0,5
878,142809.0,0.836,0.0,0.0,0.0,5
879,142959.6,0.8400000000000001,0.0,0.0,0.0,5
880,143114.6,0.844,0.0,0.0,0.0,5
881,143263.0,0.8480000000000001,0.0,0.0,0.0,5
882,143406.2,0.852,0.0,0.0,0.0,5
883,143559.0,0.8560000000000001,0.0,0.0,0.0,5
884,143707.2,0.86,0.0,0.0,0.0,5
885,143853.8,0.8640000000000001,0.0,0.0,0.0,5
886,144003.8,0.868,0.0,0.0,0.0,5
887,144144.8,0.8720000000000001,0.0,0.0,0.0,5
888,144301.6,0.876,0.0,0.0,0.0,5
889,144453.2,0.8800000000000001,0.0,0.0,0.0,5
890,144574.6,0.8800000000000001,0.0,0.0,0.0,5
891,144693.8,0.8800000000000001,0.0,0.0,0.0,5
892,144853.4,0.8800000000000001,0.0,0.0,0.0,5
893,144967.6,0.8800000000000001,0.0,0.0,0.0,5
894,145087.8,0.8800000000000001,0.0,0.0,0.0,5
895,145237.6,0.884,0.0,0.0,0.0,5
896,145404.2,0.8880000000000001,0.0,0.0,0.0,5
897,145521.4,0.8880000000000001,0.0,0.0,0.0,5
898,145638.8,0.8880000000000001,0.0,0.0,0.0,5
899,145754.8,0.8880000000000001,0.0,0.0,0.0,5
900,145872.8,0.8880000000000001,0.0,0.0,0.0,5
901,145985.2,0.8880000000000001,0.0,0.0,0.0,5
902,146098.0,0.8880000000000001,0.0,0.0,0.0,5
903,146211.8,0.8880000000000001,0.0,0.0,0.0,5
904,146325.8,0.8880000000000001,0.0,0.0,0.0,5
905,146435.2,0.8880000000000001,0.0,0.0,0.0,5
906,146549.0,0.8880000000000001,0.0,0.0,0.0,5
907,146661.8,0.8880000000000001,0.0,0.0,0.0,5
908,146789.4,0.8880000000000001,0.0,0.0,0.0,5
909,146902.0,0.8880000000000001,0.0,0.0,0.0,5
910,147013.2,0.884,0.0,0.0,0.0,5
911,147130.6,0.876,0.0,0.0,0.0,5
912,147294.6,0.8800000000000001,0.0,0.0,0.0,5
913,147407.0,0.8800000000000001,0.0,0.0,0.0,5
914,147545.0,0.884,0.0,0.0,0.0,5
915,147686.0,0.8880000000000001,0.0,0.0,0.0,5
916,147827.2,0.8880000000000001,0.0,0.0,0.0,5
917,147980.6,0.8880000000000001,0.0,0.0,0.0,5
918,148124.6,0.8880000000000001,0.0,0.0,0.0,5
919,148286.6,0.8880000000000001,0.0,0.0,0.0,5
920,148443.8,0.8880000000000001,0.0,0.0,0.0,5
921,148590.6,0.8880000000000001,0.0,0.0,0.0,5
922,148806.4,0.8880000000000001,0.0,0.0,0.0,5
923,148929.2,0.8880000000000001,0.0,0.0,0.0,5
924,149056.2,0.8880000000000001,0.0,0.0,0.0,5
925,149171.6,0.8880000000000001,0.0,0.0,0.0,5
926,149284.8,0.884,0.0,0.0,0.0,5
927,149400.0,0.884,0.0,0.0,0.0,5
928,149568.4,0.8880000000000001,0.0,0.0,0.0,5
929,149687.0,0.884,0.0,0.0,0.0,5
930,149806.0,0.8800000000000001,0.0,0.0,0.0,5
931,149923.4,0.876,0.0,0.0,0.0,5
932,150041.6,0.8720000000000001,0.0,0.0,0.0,5
933,150159.8,0.868,0.0,0.0,0.0,5
934,150307.0,0.8640000000000001,0.0,0.0,0.0,5
935,150462.6,0.8640000000000001,0.0,0.0,0.0,5
936,150606.4,0.8640000000000001,0.0,0.0,0.0,5
937,150728.4,0.86,0.0,0.0,0.0,5
938,150849.6,0.852,0.0,0.0,0.0,5
939,150960.2,0.8480000000000001,0.0,0.0,0.0,5
940,151073.0,0.8480000000000001,0.0,0.0,0.0,5
941,151187.4,0.8480000000000001,0.0,0.0,0.0,5
942,151302.2,0.8480000000000001,0.0,0.0,0.0,5
943,151425.2,0.8480000000000001,0.0,0.0,0.0,5
944,151544.2,0.8480000000000001,0.0,0.0,0.0,5
945,151722.2,0.8480000000000001,0.0,0.0,0.0,5
946,151839.8,0.844,0.0,0.0,0.0,5
947,151959.0,0.844,0.0,0.0,0.0,5
948,152076.2,0.844,0.0,0.0,0.0,5
949,152197.8,0.844,0.0,0.0,0.0,5
950,152325.2,0.844,0.0,0.0,0.0,5
951,152446.6,0.844,0.0,0.0,0.0,5
952,152571.4,0.844,0.0,0.0,0.0,5
953,152692.4,0.844,0.0,0.0,0.0,5
954,152887.6,0.8480000000000001,0.0,0.0,0.0,5
955,153092.6,0.852,0.0,0.0,0.0,5
956,153235.0,0.8560000000000001,0.0,0.0,0.0,5
957,153390.4,0.86,0.0,0.0,0.0,5
958,153545.6,0.8640000000000001,0.0,0.0,0.0,5
959,153667.8,0.8640000000000001,0.0,0.0,0.0,5
960,153780.0,0.8640000000000001,0.0,0.0,0.0,5
961,153895.4,0.868,0.0,0.0,0.0,5
962,154016.2,0.8640000000000001,0.0,0.0,0.0,5
963,154129.4,0.8640000000000001,0.0,0.0,0.0,5
964,154297.2,0.8640000000000001,0.0,0.0,0.0,5
965,154500.0,0.8640000000000001,0.0,0.0,0.0,5
966,154627.2,0.86,0.0,0.0,0.0,5
967,154790.8,0.86,0.0,0.0,0.0,5
968,154907.6,0.8560000000000001,0.0,0.0,0.0,5
969,155026.4,0.852,0.0,0.0,0.0,5
970,155143.6,0.8480000000000001,0.0,0.0,0.0,5
971,155261.4,0.844,0.0,0.0,0.0,5
972,155379.6,0.844,0.0,0.0,0.0,5
973,155499.4,0.844,0.0,0.0,0.0,5
974,155624.0,0.844,0.0,0.0,0.0,5
975,155751.6,0.844,0.0,0.0,0.0,5
976,155872.2,0.844,0.0,0.0,0.0,5
977,155985.2,0.844,0.0,0.0,0.0,5
978,156135.0,0.844,0.0,0.0,0.0,5
979,156258.8,0.844,0.0,0.0,0.0,5
980,156373.4,0.844,0.0,0.0,0.0,5
981,156497.2,0.844,0.0,0.0,0.0,5
982,156666.0,0.8480000000000001,0.0,0.0,0.0,5
983,156806.8,0.852,0.0,0.0,0.0,5
984,156944.2,0.8560000000000001,0.0,0.0,0.0,5
985,157061.0,0.852,0.0,0.0,0.0,5
986,157178.2,0.8480000000000001,0.0,0.0,0.0,5
987,157325.0,0.852,0.0,0.0,0.0,5
988,157476.6,0.86,0.0,0.0,0.0,5
989,157662.8,0.8640000000000001,0.0,0.0,0.0,5
990,157807.6,0.868,0.0,0.0,0.0,5
991,157962.4,0.8720000000000001,0.0,0.0,0.0,5
992,158113.8,0.876,0.0,0.0,0.0,5
993,158257.8,0.8800000000000001,0.0,0.0,0.0,5
994,158423.2,0.884,0.0,0.0,0.0,5
995,158579.8,0.884,0.0,0.0,0.0,5
996,158738.2,0.8880000000000001,0.0,0.0,0.0,5
997,158927.8,0.892,0.0,0.0,0.0,5
998,159073.2,0.8960000000000001,0.0,0.0,0.0,5
999,159193.6,0.8960000000000001,0.0,0.0,0.0,5
1000,159361.4,0.9,0.0,0.0,0.0,5
1001,159524.4,0.9039999999999999,0.0,0.0,0.0,5
1002,159676.8,0.908,0.0,0.0,0.0,5
1003,159840.2,0.9120000000000001,0.0,0.0,0.0,5
1004,160055.6,0.9120000000000001,0.0,0.0,0.0,5
1005,160184.2,0.908,0.0,0.0,0.0,5
1006,160312.8,0.9039999999999999,0.0,0.0,0.0,5
1007,160442.4,0.9,0.0,0.0,0.0,5
1008,160595.2,0.8960000000000001,0.0,0.0,0.0,5
1009,160735.0,0.8960000000000001,0.0,0.0,0.0,5
1010,160877.8,0.8960000000000001,0.0,0.0,0.0,5
1011,161022.0,0.8960000000000001,0.0,0.0,0.0,5
1012,161140.8,0.8960000000000001,0.0,0.0,0.0,5
1013,161263.4,0.8960000000000001,0.0,0.0,0.0,5
1014,161383.8,0.892,0.0,0.0,0.0,5
1015,161505.8,0.884,0.0,0.0,0.0,5
1016,161648.2,0.884,0.0,0.0,0.0,5
1017,161778.2,0.8800000000000001,0.0,0.0,0.0,5
1018,161913.4,0.8800000000000001,0.0,0.0,0.0,5
1019,162056.6,0.8800000000000001,0.0,0.0,0.0,5
1020,162199.0,0.8800000000000001,0.0,0.0,0.0,5
1021,162327.2,0.8800000000000001,0.0,0.0,0.0,5
1022,162450.4,0.8800000000000001,0.0,0.0,0.0,5
1023,162569.2,0.8800000000000001,0.0,0.0,0.0,5
1024,162684.8,0.8800000000000001,0.0,0.0,0.0,5
1025,162801.6,0.8800000000000001,0.0,0.0,0.0,5
1026,162945.6,0.8800000000000001,0.0,0.0,0.0,5
1027,163081.4,0.8800000000000001,0.0,0.0,0.0,5
1028,163210.2,0.876,0.0,0.0,0.0,5
1029,163360.8,0.8800000000000001,0.0,0.0,0.0,5
1030,163485.4,0.8800000000000001,0.0,0.0,0.0,5
1031,163611.2,0.8800000000000001,0.0,0.0,0.0,5
1032,163739.6,0.876,0.0,0.0,0.0,5
1033,163882.0,0.876,0.0,0.0,0.0,5
1034,164048.0,0.876,0.0,0.0,0.0,5
1035,164210.4,0.8800000000000001,0.0,0.0,0.0,5
1036,164369.4,0.884,0.0,0.0,0.0,5
1037,164522.4,0.884,0.0,0.0,0.0,5
1038,164699.4,0.884,0.0,0.0,0.0,5
1039,164843.0,0.8800000000000001,0.0,0.0,0.0,5
1040,164998.2,0.876,0.0,0.0,0.0,5
1041,165119.0,0.8720000000000001,0.0,0.0,0.0,5
1042,165260.2,0.868,0.0,0.0,0.0,5
1043,165410.2,0.8640000000000001,0.0,0.0,0.0,5
1044,165516.8,0.8560000000000001,0.0,0.0,0.0,5
1045,165637.2,0.852,0.0,0.0,0.0,5
1046,165756.6,0.8480000000000001,0.0,0.0,0.0,5
1047,165870.6,0.844,0.0,0.0,0.0,5
1048,166007.8,0.8400000000000001,0.0,0.0,0.0,5
1049,166138.6,0.8400000000000001,0.0,0.0,0.0,5
1050,166281.8,0.836,0.0,0.0,0.0,5
1051,166418.6,0.8320000000000001,0.0,0.0,0.0,5
1052,166549.0,0.828,0.0,0.0,0.0,5
1053,166665.8,0.8240000000000001,0.0,0.0,0.0,5
1054,166792.0,0.82,0.0,0.0,0.0,5
1055,166905.8,0.82,0.0,0.0,0.0,5
1056,167085.0,0.8240000000000001,0.0,0.0,0.0,5
1057,167220.6,0.828,0.0,0.0,0.0,5
1058,167373.2,0.8320000000000001,0.0,0.0,0.0,5
1059,167547.4,0.836,0.0,0.0,0.0,5
1060,167713.0,0.8400000000000001,0.0,0.0,0.0,5
1061,167899.6,0.844,0.0,0.0,0.0,5
1062,168015.4,0.844,0.0,0.0,0.0,5
1063,168148.4,0.844,0.0,0.0,0.0,5
1064,168263.2,0.844,0.0,0.0,0.0,5
1065,168378.6,0.8480000000000001,0.0,0.0,0.0,5
1066,168513.4,0.8480000000000001,0.0,0.0,0.0,5
1067,168720.8,0.852,0.0,0.0,0.0,5
1068,168845.2,0.852,0.0,0.0,0.0,5
1069,168976.0,0.852,0.0,0.0,0.0,5
1070,169170.8,0.8560000000000001,0.0,0.0,0.0,5
1071,169364.0,0.86,0.0,0.0,0.0,5
1072,169562.6,0.8640000000000001,0.0,0.0,0.0,5
1073,169700.8,0.868,0.0,0.0,0.0,5
1074,169852.4,0.8720000000000001,0.0,0.0,0.0,5
1075,170001.4,0.876,0.0,0.0,0.0,5
1076,170165.0,0.8800000000000001,0.0,0.0,0.0,5
1077,170314.4,0.884,0.0,0.0,0.0,5
1078,170472.4,0.8880000000000001,0.0,0.0,0.0,5
1079,170583.0,0.884,0.0,0.0,0.0,5
1080,170700.0,0.884,0.0,0.0,0.0,5
1081,170895.0,0.8880000000000001,0.0,0.0,0.0,5
1082,170999.8,0.884,0.0,0.0,0.0,5
1083,171118.8,0.8800000000000001,0.0,0.0,0.0,5
1084,171232.6,0.876,0.0,0.0,0.0,5
1085,171345.4,0.8720000000000001,0.0,0.0,0.0,5
1086,171456.2,0.868,0.0,0.0,0.0,5
1087,171574.6,0.8640000000000001,0.0,0.0,0.0,5
1088,171686.4,0.86,0.0,0.0,0.0,5
1089,171803.0,0.86,0.0,0.0,0.0,5
1090,171919.0,0.86,0.0,0.0,0.0,5
1091,172038.8,0.86,0.0,0.0,0.0,5
1092,172165.8,0.86,0.0,0.0,0.0,5
1093,172293.0,0.86,0.0,0.0,0.0,5
1094,172425.4,0.8640000000000001,0.0,0.0,0.0,5
1095,172545.2,0.8640000000000001,0.0,0.0,0.0,5
1096,172658.2,0.8640000000000001,0.0,0.0,0.0,5
1097,172783.0,0.8640000000000001,0.0,0.0,0.0,5
1098,172907.0,0.86,0.0,0.0,0.0,5
1099,173038.6,0.86,0.0,0.0,0.0,5
1100,173162.2,0.86,0.0,0.0,0.0,5
1101,173285.0,0.86,0.0,0.0,0.0,5
1102,173411.2,0.86,0.0,0.0,0.0,5
1103,173544.0,0.86,0.0,0.0,0.0,5
1104,173676.6,0.86,0.0,0.0,0.0,5
1105,173814.2,0.86,0.0,0.0,0.0,5
1106,173946.8,0.8560000000000001,0.0,0.0,0.0,5
1107,174071.6,0.852,0.0,0.0,0.0,5
1108,174191.2,0.8480000000000001,0.0,0.0,0.0,5
1109,174315.2,0.844,0.0,0.0,0.0,5
1110,174433.6,0.8400000000000001,0.0,0.0,0.0,5
1111,174544.0,0.836,0.0,0.0,0.0,5
1112,174665.2,0.836,0.0,0.0,0.0,5
1113,174790.2,0.836,0.0,0.0,0.0,5
1114,174908.8,0.836,0.0,0.0,0.0,5
1115,175022.2,0.836,0.0,0.0,0.0,5
1116,175139.6,0.836,0.0,0.0,0.0,5
1117,175255.0,0.8320000000000001,0.0,0.0,0.0,5
1118,175375.4,0.8320000000000001,0.0,0.0,0.0,5
1119,175491.0,0.8320000000000001,0.0,0.0,0.0,5
1120,175610.4,0.828,0.0,0.0,0.0,5
1121,175729.8,0.8240000000000001,0.0,0.0,0.0,5
1122,175843.6,0.82,0.0,0.0,0.0,5
1123,175961.0,0.8160000000000001,0.0,0.0,0.0,5
1124,176101.8,0.8160000000000001,0.0,0.0,0.0,5
1125,176243.2,0.8160000000000001,0.0,0.0,0.0,5
1126,176385.4,0.8160000000000001,0.0,0.0,0.0,5
1127,176564.0,0.8160000000000001,0.0,0.0,0.0,5
1128,176725.6,0.8160000000000001,0.0,0.0,0.0,5
1129,176885.0,0.82,0.0,0.0,0.0,5
1130,177042.4,0.8240000000000001,0.0,0.0,0.0,5
1131,177208.8,0.8240000000000001,0.0,0.0,0.0,5
1132,177381.6,0.828,0.0,0.0,0.0,5
1133,177552.0,0.8320000000000001,0.0,0.0,0.0,5
1134,177727.2,0.8320000000000001,0.0,0.0,0.0,5
1135,177897.0,0.836,0.0,0.0,0.0,5
1136,178021.8,0.836,0.0,0.0,0.0,5
1137,178172.6,0.8400000000000001,0.0,0.0,0.0,5
1138,178320.8,0.8400000000000001,0.0,0.0,0.0,5
1139,178503.6,0.844,0.0,0.0,0.0,5
1140,178672.4,0.8480000000000001,0.0,0.0,0.0,5
1141,178883.6,0.852,0.0,0.0,0.0,5
1142,179062.4,0.8560000000000001,0.0,0.0,0.0,5
1143,179238.0,0.86,0.0,0.0,0.0,5
1144,179417.4,0.8640000000000001,0.0,0.0,0.0,5
1145,179574.6,0.868,0.0,0.0,0.0,5
1146,179712.0,0.868,0.0,0.0,0.0,5
1147,179853.4,0.868,0.0,0.0,0.0,5
1148,180025.0,0.876,0.0,0.0,0.0,5
1149,180180.8,0.8800000000000001,0.0,0.0,0.0,5
1150,180335.6,0.884,0.0,0.0,0.0,5
1151,180487.4,0.8879999999999999,0.0,0.0,0.0,5
1152,180637.4,0.892,0.0,0.0,0.0,5
1153,180806.6,0.892,0.0,0.0,0.0,5
1154,180961.8,0.8960000000000001,0.0,0.0,0.0,5
1155,181136.2,0.8960000000000001,0.0,0.0,0.0,5
1156,181304.4,0.9,0.0,0.0,0.0,5
1157,181463.8,0.9039999999999999,0.0,0.0,0.0,5
1158,181624.0,0.908,0.0,0.0,0.0,5
1159,181769.8,0.908,0.0,0.0,0.0,5
1160,181928.6,0.9120000000000001,0.0,0.0,0.0,5
1161,182092.0,0.916,0.0,0.0,0.0,5
1162,182235.8,0.916,0.0,0.0,0.0,5
1163,182374.2,0.9199999999999999,0.0,0.0,0.0,5
1164,182532.8,0.9199999999999999,0.0,0.0,0.0,5
1165,182687.2,0.9199999999999999,0.0,0.0,0.0,5
1166,182864.0,0.924,0.0,0.0,0.0,5
1167,183019.4,0.924,0.0,0.0,0.0,5
1168,183150.2,0.924,0.0,0.0,0.0,5
1169,183309.8,0.924,0.0,0.0,0.0,5
1170,183465.2,0.924,0.0,0.0,0.0,5
1171,183623.0,0.924,0.0,0.0,0.0,5
1172,183793.6,0.9279999999999999,0.0,0.0,0.0,5
1173,183962.4,0.932,0.0,0.0,0.0,5
1174,184205.0,0.9279999999999999,0.0,0.0,0.0,5
1175,184338.2,0.924,0.0,0.0,0.0,5
1176,184466.2,0.9199999999999999,0.0,0.0,0.0,5
1177,184647.2,0.9199999999999999,0.0,0.0,0.0,5
1178,184834.8,0.9199999999999999,0.0,0.0,0.0,5
1179,185001.0,0.9199999999999999,0.0,0.0,0.0,5
1180,185126.6,0.916,0.0,0.0,0.0,5
1181,185249.0,0.9119999999999999,0.0,0.0,0.0,5
1182,185387.6,0.9119999999999999,0.0,0.0,0.0,5
1183,185524.4,0.908,0.0,0.0,0.0,5
1184,185660.2,0.908,0.0,0.0,0.0,5
1185,185822.2,0.9039999999999999,0.0,0.0,0.0,5
1186,185987.2,0.908,0.0,0.0,0.0,5
1187,186136.4,0.908,0.0,0.0,0.0,5
1188,186287.4,0.9120000000000001,0.0,0.0,0.0,5
1189,186459.8,0.9120000000000001,0.0,0.0,0.0,5
1190,186612.2,0.9120000000000001,0.0,0.0,0.0,5
1191,186771.8,0.9120000000000001,0.0,0.0,0.0,5
1192,186923.6,0.9120000000000001,0.0,0.0,0.0,5
1193,187064.0,0.9120000000000001,0.0,0.0,0.0,5
1194,187210.8,0.9120000000000001,0.0,0.0,0.0,5
1195,187364.4,0.9120000000000001,0.0,0.0,0.0,5
1196,187558.0,0.916,0.0,0.0,0.0,5
1197,187682.2,0.916,0.0,0.0,0.0,5
1198,187804.2,0.9120000000000001,0.0,0.0,0.0,5
1199,187916.2,0.9039999999999999,0.0,0.0,0.0,5
1200,188032.8,0.8960000000000001,0.0,0.0,0.0,5
1201,188166.4,0.892,0.0,0.0,0.0,5
1202,188288.4,0.8879999999999999,0.0,0.0,0.0,5
1203,188408.2,0.8879999999999999,0.0,0.0,0.0,5
1204,188527.2,0.884,0.0,0.0,0.0,5
1205,188691.8,0.8880000000000001,0.0,0.0,0.0,5
1206,188837.6,0.884,0.0,0.0,0.0,5
1207,188959.4,0.8800000000000001,0.0,0.0,0.0,5
1208,189121.6,0.876,0.0,0.0,0.0,5
1209,189285.8,0.8800000000000001,0.0,0.0,0.0,5
1210,189414.6,0.876,0.0,0.0,0.0,5
1211,189593.0,0.876,0.0,0.0,0.0,5
1212,189760.8,0.8800000000000001,0.0,0.0,0.0,5
1213,189887.0,0.876,0.0,0.0,0.0,5
1214,190045.8,0.8800000000000001,0.0,0.0,0.0,5
1215,190157.4,0.8800000000000001,0.0,0.0,0.0,5
1216,190277.4,0.876,0.0,0.0,0.0,5
1217,190390.8,0.876,0.0,0.0,0.0,5
1218,190503.6,0.8720000000000001,0.0,0.0,0.0,5
1219,190663.6,0.8720000000000001,0.0,0.0,0.0,5
1220,190817.4,0.876,0.0,0.0,0.0,5
1221,190993.4,0.8800000000000001,0.0,0.0,0.0,5
1222,191118.2,0.876,0.0,0.0,0.0,5
1223,191291.2,0.876,0.0,0.0,0.0,5
1224,191416.6,0.876,0.0,0.0,0.0,5
1225,191540.8,0.876,0.0,0.0,0.0,5
1226,191717.8,0.8800000000000001,0.0,0.0,0.0,5
1227,191895.6,0.8800000000000001,0.0,0.0,0.0,5
1228,192082.2,0.8800000000000001,0.0,0.0,0.0,5
1229,192247.2,0.8800000000000001,0.0,0.0,0.0,5
1230,192398.6,0.884,0.0,0.0,0.0,5
1231,192543.4,0.884,0.0,0.0,0.0,5
1232,192717.2,0.8879999999999999,0.0,0.0,0.0,5
1233,192876.8,0.892,0.0,0.0,0.0,5
1234,193038.4,0.8959999999999999,0.0,0.0,0.0,5
1235,193234.6,0.9,0.0,0.0,0.0,5
1236,193378.4,0.8959999999999999,0.0,0.0,0.0,5
1237,193543.6,0.8959999999999999,0.0,0.0,0.0,5
1238,193686.8,0.8959999999999999,0.0,0.0,0.0,5
1239,193836.2,0.8959999999999999,0.0,0.0,0.0,5
1240,193987.4,0.8959999999999999,0.0,0.0,0.0,5
1241,194141.2,0.8959999999999999,0.0,0.0,0.0,5
1242,194295.0,0.8959999999999999,0.0,0.0,0.0,5
1243,194453.6,0.8959999999999999,0.0,0.0,0.0,5
1244,194657.2,0.8959999999999999,0.0,0.0,0.0,5
1245,194810.0,0.8959999999999999,0.0,0.0,0.0,5
1246,195005.6,0.8959999999999999,0.0,0.0,0.0,5
1247,195137.2,0.8960000000000001,0.0,0.0,0.0,5
1248,195295.6,0.9,0.0,0.0,0.0,5
1249,195441.6,0.908,0.0,0.0,0.0,5
1250,195584.8,0.916,0.0,0.0,0.0,5
1251,195725.8,0.9199999999999999,0.0,0.0,0.0,5
1252,195872.8,0.924,0.0,0.0,0.0,5
1253,196015.8,0.924,0.0,0.0,0.0,5
1254,196164.6,0.9279999999999999,0.0,0.0,0.0,5
1255,196313.4,0.9279999999999999,0.0,0.0,0.0,5
1256,196454.2,0.9279999999999999,0.0,0.0,0.0,5
1257,196597.4,0.932,0.0,0.0,0.0,5
1258,196738.8,0.9359999999999999,0.0,0.0,0.0,5
1259,196891.8,0.932,0.0,0.0,0.0,5
1260,197037.8,0.9359999999999999,0.0,0.0,0.0,5
1261,197188.6,0.9359999999999999,0.0,0.0,0.0,5
1262,197336.0,0.932,0.0,0.0,0.0,5
1263,197498.8,0.932,0.0,0.0,0.0,5
1264,197648.8,0.932,0.0,0.0,0.0,5
1265,197809.4,0.932,0.0,0.0,0.0,5
1266,197944.4,0.932,0.0,0.0,0.0,5
1267,198087.6,0.9359999999999999,0.0,0.0,0.0,5
1268,198238.4,0.944,0.0,0.0,0.0,5
1269,198443.8,0.944,0.0,0.0,0.0,5
1270,198599.8,0.9400000000000001,0.0,0.0,0.0,5
1271,198758.0,0.932,0.0,0.0,0.0,5
1272,198910.8,0.9359999999999999,0.0,0.0,0.0,5
1273,199059.4,0.932,0.0,0.0,0.0,5
1274,199203.4,0.9359999999999999,0.0,0.0,0.0,5
1275,199349.6,0.9359999999999999,0.0,0.0,0.0,5
1276,199494.4,0.9359999999999999,0.0,0.0,0.0,5
1277,199660.6,0.932,0.0,0.0,0.0,5
1278,199798.4,0.9279999999999999,0.0,0.0,0.0,5
1279,199935.6,0.9279999999999999,0.0,0.0,0.0,5
1280,200076.0,0.9279999999999999,0.0,0.0,0.0,5
1281,200210.8,0.9279999999999999,0.0,0.0,0.0,5
1282,200375.4,0.924,0.0,0.0,0.0,5
1283,200549.4,0.924,0.0,0.0,0.0,5
1284,200689.2,0.924,0.0,0.0,0.0,5
1285,200826.8,0.924,0.0,0.0,0.0,5
1286,201037.8,0.9199999999999999,0.0,0.0,0.0,5
1287,201188.2,0.9199999999999999,0.0,0.0,0.0,5
1288,201406.8,0.916,0.0,0.0,0.0,5
1289,201629.6,0.908,0.0,0.0,0.0,5
1290,201766.2,0.9039999999999999,0.0,0.0,0.0,5
1291,201916.4,0.9039999999999999,0.0,0.0,0.0,5
1292,202130.2,0.9,0.0,0.0,0.0,5
1293,202275.8,0.9,0.0,0.0,0.0,5
1294,202415.0,0.9,0.0,0.0,0.0,5
1295,202566.4,0.9,0.0,0.0,0.0,5
1296,202715.4,0.9,0.0,0.0,0.0,5
1297,202857.8,0.9039999999999999,0.0,0.0,0.0,5
1298,202997.4,0.9039999999999999,0.0,0.0,0.0,5
1299,203147.4,0.9039999999999999,0.0,0.0,0.0,5
1300,203282.2,0.9039999999999999,0.0,0.0,0.0,5
1301,203425.8,0.9039999999999999,0.0,0.0,0.0,5
1302,203568.2,0.9039999999999999,0.0,0.0,0.0,5
1303,203717.6,0.908,0.0,0.0,0.0,5
1304,203868.4,0.908,0.0,0.0,0.0,5
1305,204007.2,0.908,0.0,0.0,0.0,5
1306,204230.6,0.908,0.0,0.0,0.0,5
1307,204343.0,0.9039999999999999,0.0,0.0,0.0,5
1308,204497.8,0.9039999999999999,0.0,0.0,0.0,5
1309,204649.6,0.908,0.0,0.0,0.0,5
1310,204795.0,0.908,0.0,0.0,0.0,5
1311,204947.4,0.908,0.0,0.0,0.0,5
1312,205109.8,0.908,0.0,0.0,0.0,5
1313,205268.6,0.9119999999999999,0.0,0.0,0.0,5
1314,205428.4,0.9119999999999999,0.0,0.0,0.0,5
1315,205570.8,0.916,0.0,0.0,0.0,5
1316,205711.6,0.9199999999999999,0.0,0.0,0.0,5
1317,205854.8,0.9199999999999999,0.0,0.0,0.0,5
1318,205994.2,0.916,0.0,0.0,0.0,5
1319,206125.0,0.916,0.0,0.0,0.0,5
1320,206265.8,0.9119999999999999,0.0,0.0,0.0,5
1321,206435.4,0.916,0.0,0.0,0.0,5
1322,206586.6,0.9119999999999999,0.0,0.0,0.0,5
1323,206752.6,0.9119999999999999,0.0,0.0,0.0,5
1324,206936.2,0.9119999999999999,0.0,0.0,0.0,5
1325,207131.2,0.916,0.0,0.0,0.0,5
1326,207291.0,0.9119999999999999,0.0,0.0,0.0,5
1327,207446.0,0.9119999999999999,0.0,0.0,0.0,5
1328,207592.0,0.9119999999999999,0.0,0.0,0.0,5
1329,207780.4,0.9039999999999999,0.0,0.0,0.0,5
1330,207921.0,0.9039999999999999,0.0,0.0,0.0,5
1331,208115.6,0.9,0.0,0.0,0.0,5
1332,208273.4,0.9039999999999999,0.0,0.0,0.0,5
1333,208454.6,0.9,0.0,0.0,0.0,5
1334,208656.4,0.8960000000000001,0.0,0.0,0.0,5
1335,208807.2,0.892,0.0,0.0,0.0,5
1336,208955.8,0.9,0.0,0.0,0.0,5
1337,209100.8,0.8959999999999999,0.0,0.0,0.0,5
1338,209239.2,0.8959999999999999,0.0,0.0,0.0,5
1339,209387.6,0.9,0.0,0.0,0.0,5
1340,209563.0,0.9,0.0,0.0,0.0,5
1341,209682.4,0.892,0.0,0.0,0.0,5
1342,209842.8,0.892,0.0,0.0,0.0,5
1343,210032.6,0.8879999999999999,0.0,0.0,0.0,5
1344,210195.0,0.884,0.0,0.0,0.0,5
1345,210345.2,0.884,0.0,0.0,0.0,5
1346,210494.2,0.884,0.0,0.0,0.0,5
1347,210674.4,0.884,0.0,0.0,0.0,5
1348,210821.8,0.884,0.0,0.0,0.0,5
1349,210963.2,0.8800000000000001,0.0,0.0,0.0,5
1350,211149.0,0.8800000000000001,0.0,0.0,0.0,5
1351,211298.0,0.876,0.0,0.0,0.0,5
1352,211440.2,0.8720000000000001,0.0,0.0,0.0,5
1353,211597.8,0.8720000000000001,0.0,0.0,0.0,5
1354,211752.8,0.868,0.0,0.0,0.0,5
1355,211916.2,0.8640000000000001,0.0,0.0,0.0,5
1356,212095.0,0.8640000000000001,0.0,0.0,0.0,5
1357,212236.6,0.8640000000000001,0.0,0.0,0.0,5
1358,212385.6,0.86,0.0,0.0,0.0,5
1359,212537.6,0.8560000000000001,0.0,0.0,0.0,5
1360,212686.4,0.852,0.0,0.0,0.0,5
1361,212840.2,0.8480000000000001,0.0,0.0,0.0,5
1362,213009.2,0.844,0.0,0.0,0.0,5
1363,213160.4,0.836,0.0,0.0,0.0,5
1364,213308.4,0.8320000000000001,0.0,0.0,0.0,5
1365,213458.2,0.8320000000000001,0.0,0.0,0.0,5
1366,213611.4,0.8320000000000001,0.0,0.0,0.0,5
1367,213752.2,0.828,0.0,0.0,0.0,5
1368,213890.0,0.828,0.0,0.0,0.0,5
1369,214030.2,0.8320000000000001,0.0,0.0,0.0,5
1370,214179.0,0.836,0.0,0.0,0.0,5
1371,214335.0,0.8400000000000001,0.0,0.0,0.0,5
1372,214474.2,0.8400000000000001,0.0,0.0,0.0,5
1373,214616.0,0.836,0.0,0.0,0.0,5
1374,214759.4,0.836,0.0,0.0,0.0,5
1375,214894.4,0.8320000000000001,0.0,0.0,0.0,5
1376,215042.0,0.8320000000000001,0.0,0.0,0.0,5
1377,215190.6,0.8320000000000001,0.0,0.0,0.0,5
1378,215335.4,0.8320000000000001,0.0,0.0,0.0,5
1379,215492.0,0.836,0.0,0.0,0.0,5
1380,215633.4,0.8320000000000001,0.0,0.0,0.0,5
1381,215807.6,0.836,0.0,0.0,0.0,5
1382,215968.4,0.8320000000000001,0.0,0.0,0.0,5
1383,216129.8,0.8320000000000001,0.0,0.0,0.0,5
1384,216273.4,0.8320000000000001,0.0,0.0,0.0,5
1385,216425.0,0.8320000000000001,0.0,0.0,0.0,5
1386,216586.0,0.828,0.0,0.0,0.0,5
1387,216751.8,0.8240000000000001,0.0,0.0,0.0,5
1388,216924.2,0.8240000000000001,0.0,0.0,0.0,5
1389,217082.8,0.8240000000000001,0.0,0.0,0.0,5
1390,217239.2,0.8240000000000001,0.0,0.0,0.0,5
1391,217381.6,0.828,0.0,0.0,0.0,5
1392,217541.6,0.828,0.0,0.0,0.0,5
1393,217696.0,0.828,0.0,0.0,0.0,5
1394,217840.2,0.828,0.0,0.0,0.0,5
1395,217992.0,0.8240000000000001,0.0,0.0,0.0,5
1396,218154.0,0.82,0.0,0.0,0.0,5
1397,218303.6,0.8160000000000001,0.0,0.0,0.0,5
1398,218467.0,0.812,0.0,0.0,0.0,5
1399,218611.4,0.8119999999999999,0.0,0.0,0.0,5
1400,218759.8,0.808,0.0,0.0,0.0,5
1401,218909.0,0.808,0.0,0.0,0.0,5
1402,219057.8,0.808,0.0,0.0,0.0,5
1403,219191.8,0.8039999999999999,0.0,0.0,0.0,5
1404,219327.0,0.8039999999999999,0.0,0.0,0.0,5
1405,219471.6,0.8039999999999999,0.0,0.0,0.0,5
1406,219616.2,0.8039999999999999,0.0,0.0,0.0,5
1407,219762.4,0.8039999999999999,0.0,0.0,0.0,5
1408,219904.2,0.8039999999999999,0.0,0.0,0.0,5
1409,220049.4,0.8039999999999999,0.0,0.0,0.0,5
1410,220200.0,0.8039999999999999,0.0,0.0,0.0,5
1411,220348.2,0.8039999999999999,0.0,0.0,0.0,5
1412,220492.6,0.808,0.0,0.0,0.0,5
1413,220639.0,0.8119999999999999,0.0,0.0,0.0,5
1414,220791.2,0.8119999999999999,0.0,0.0,0.0,5
1415,220947.2,0.808,0.0,0.0,0.0,5
1416,221094.8,0.8039999999999999,0.0,0.0,0.0,5
1417,221244.8,0.8039999999999999,0.0,0.0,0.0,5
1418,221397.6,0.8039999999999999,0.0,0.0,0.0,5
1419,221551.2,0.8,0.0,0.0,0.0,5
1420,221703.8,0.8,0.0,0.0,0.0,5
1421,221855.0,0.796,0.0,0.0,0.0,5
1422,222013.0,0.796,0.0,0.0,0.0,5
1423,222159.2,0.8,0.0,0.0,0.0,5
1424,222321.6,0.796,0.0,0.0,0.0,5
1425,222467.8,0.796,0.0,0.0,0.0,5
1426,222624.6,0.796,0.0,0.0,0.0,5
1427,222781.4,0.796,0.0,0.0,0.0,5
1428,222921.6,0.796,0.0,0.0,0.0,5
1429,223062.2,0.796,0.0,0.0,0.0,5
1430,223207.8,0.796,0.0,0.0,0.0,5
1431,223349.2,0.796,0.0,0.0,0.0,5
1432,223492.6,0.796,0.0,0.0,0.0,5
1433,223641.4,0.796,0.0,0.0,0.0,5
1434,223794.8,0.796,0.0,0.0,0.0,5
1435,223938.0,0.796,0.0,0.0,0.0,5
1436,224102.8,0.796,0.0,0.0,0.0,5
1437,224260.8,0.8,0.0,0.0,0.0,5
1438,224417.4,0.8,0.0,0.0,0.0,5
1439,224549.0,0.8,0.0,0.0,0.0,5
1440,224686.6,0.8,0.0,0.0,0.0,5
1441,224820.2,0.8,0.0,0.0,0.0,5
1442,224955.2,0.8,0.0,0.0,0.0,5
1443,225086.6,0.8,0.0,0.0,0.0,5
1444,225246.0,0.8,0.0,0.0,0.0,5
1445,225393.6,0.8,0.0,0.0,0.0,5
1446,225539.8,0.8,0.0,0.0,0.0,5
1447,225682.2,0.8,0.0,0.0,0.0,5
1448,225821.6,0.8,0.0,0.0,0.0,5
1449,225973.8,0.8,0.0,0.0,0.0,5
1450,226121.0,0.8,0.0,0.0,0.0,5
1451,226266.0,0.8,0.0,0.0,0.0,5
1452,226401.4,0.8,0.0,0.0,0.0,5
1453,226539.4,0.8,0.0,0.0,0.0,5
1454,226677.0,0.8,0.0,0.0,0.0,5
1455,226810.0,0.8,0.0,0.0,0.0,5
1456,226955.6,0.8,0.0,0.0,0.0,5
1457,227095.4,0.8,0.0,0.0,0.0,5
1458,227246.0,0.8,0.0,0.0,0.0,5
1459,227412.0,0.8,0.0,0.0,0.0,5
1460,227591.6,0.8,0.0,0.0,0.0,5
1461,227741.4,0.8,0.0,0.0,0.0,5
1462,227907.8,0.8,0.0,0.0,0.0,5
1463,228054.4,0.8,0.0,0.0,0.0,5
1464,228210.8,0.8,0.0,0.0,0.0,5
1465,228362.0,0.8,0.0,0.0,0.0,5
1466,228502.4,0.8,0.0,0.0,0.0,5
1467,228659.4,0.8,0.0,0.0,0.0,5
1468,228818.2,0.8,0.0,0.0,0.0,5
1469,228966.4,0.8,0.0,0.0,0.0,5
1470,229129.8,0.8,0.0,0.0,0.0,5
1471,229269.6,0.8,0.0,0.0,0.0,5
1472,229425.6,0.8,0.0,0.0,0.0,5
1473,229591.2,0.8,0.0,0.0,0.0,5
1474,229737.6,0.8,0.0,0.0,0.0,5
1475,229892.2,0.8,0.0,0.0,0.0,5
1476,230080.2,0.8,0.0,0.0,0.0,5
1477,230234.8,0.8,0.0,0.0,0.0,5
1478,230391.8,0.8039999999999999,0.0,0.0,0.0,5
1479,230537.8,0.8039999999999999,0.0,0.0,0.0,5
1480,230683.2,0.8039999999999999,0.0,0.0,0.0,5
1481,230822.0,0.8039999999999999,0.0,0.0,0.0,5
1482,230962.4,0.8039999999999999,0.0,0.0,0.0,5
1483,231090.0,0.8039999999999999,0.0,0.0,0.0,5
1484,231221.4,0.8039999999999999,0.0,0.0,0.0,5
1485,231352.0,0.8039999999999999,0.0,0.0,0.0,5
1486,231500.2,0.808,0.0,0.0,0.0,5
1487,231643.8,0.808,0.0,0.0,0.0,5
1488,231783.4,0.808,0.0,0.0,0.0,5
1489,231924.6,0.808,0.0,0.0,0.0,5
1490,232067.4,0.808,0.0,0.0,0.0,5
1491,232223.4,0.808,0.0,0.0,0.0,5
1492,232372.6,0.808,0.0,0.0,0.0,5
1493,232512.8,0.808,0.0,0.0,0.0,5
1494,232665.0,0.808,0.0,0.0,0.0,5
1495,232811.2,0.808,0.0,0.0,0.0,5
1496,232969.2,0.808,0.0,0.0,0.0,5
1497,233127.4,0.808,0.0,0.0,0.0,5
1498,233271.2,0.808,0.0,0.0,0.0,5
1499,233415.4,0.808,0.0,0.0,0.0,5
1500,233547.8,0.808,0.0,0.0,0.0,5
1501,233697.0,0.808,0.0,0.0,0.0,5
1502,233858.2,0.808,0.0,0.0,0.0,5
1503,234017.0,0.808,0.0,0.0,0.0,5
1504,234164.6,0.808,0.0,0.0,0.0,5
1505,234338.0,0.808,0.0,0.0,0.0,5
1506,234498.0,0.808,0.0,0.0,0.0,5
1507,234645.8,0.8119999999999999,0.0,0.0,0.0,5
1508,234785.0,0.8119999999999999,0.0,0.0,0.0,5
1509,234923.6,0.8119999999999999,0.0,0.0,0.0,5
1510,235072.0,0.8119999999999999,0.0,0.0,0.0,5
1511,235232.6,0.8119999999999999,0.0,0.0,0.0,5
1512,235378.2,0.8119999999999999,0.0,0.0,0.0,5
1513,235532.4,0.8119999999999999,0.0,0.0,0.0,5
1514,235676.2,0.8119999999999999,0.0,0.0,0.0,5
1515,235820.2,0.8119999999999999,0.0,0.0,0.0,5
1516,235957.2,0.8119999999999999,0.0,0.0,0.0,5
1517,236104.2,0.8119999999999999,0.0,0.0,0.0,5
1518,236261.8,0.8119999999999999,0.0,0.0,0.0,5
1519,236427.2,0.8119999999999999,0.0,0.0,0.0,5
1520,236612.8,0.8119999999999999,0.0,0.0,0.0,5
1521,236797.4,0.8119999999999999,0.0,0.0,0.0,5
1522,236973.6,0.8119999999999999,0.0,0.0,0.0,5
1523,237114.0,0.8119999999999999,0.0,0.0,0.0,5
1524,237274.2,0.8119999999999999,0.0,0.0,0.0,5
1525,237427.4,0.8119999999999999,0.0,0.0,0.0,5
1526,237616.8,0.8119999999999999,0.0,0.0,0.0,5
1527,237772.2,0.8119999999999999,0.0,0.0,0.0,5
1528,237931.6,0.808,0.0,0.0,0.0,5
1529,238076.0,0.808,0.0,0.0,0.0,5
1530,238226.6,0.808,0.0,0.0,0.0,5
1531,238365.6,0.808,0.0,0.0,0.0,5
1532,238503.6,0.808,0.0,0.0,0.0,5
1533,238649.4,0.808,0.0,0.0,0.0,5
1534,238787.2,0.808,0.0,0.0,0.0,5
1535,238930.0,0.808,0.0,0.0,0.0,5
1536,239067.2,0.8039999999999999,0.0,0.0,0.0,5
1537,239229.2,0.8039999999999999,0.0,0.0,0.0,5
1538,239386.2,0.8039999999999999,0.0,0.0,0.0,5
1539,239529.8,0.8039999999999999,0.0,0.0,0.0,5
1540,239682.0,0.8039999999999999,0.0,0.0,0.0,5
1541,239843.4,0.8039999999999999,0.0,0.0,0.0,5
1542,239988.4,0.8039999999999999,0.0,0.0,0.0,5
1543,240128.6,0.8039999999999999,0.0,0.0,0.0,5
1544,240268.6,0.8039999999999999,0.0,0.0,0.0,5
1545,240403.2,0.8039999999999999,0.0,0.0,0.0,5
1546,240551.6,0.808,0.0,0.0,0.0,5
1547,240691.8,0.808,0.0,0.0,0.0,5
1548,240830.0,0.808,0.0,0.0,0.0,5
1549,240979.2,0.808,0.0,0.0,0.0,5
1550,241123.4,0.808,0.0,0.0,0.0,5
1551,241269.2,0.808,0.0,0.0,0.0,5
1552,241404.4,0.808,0.0,0.0,0.0,5
1553,241561.0,0.808,0.0,0.0,0.0,5
1554,241719.0,0.808,0.0,0.0,0.0,5
1555,241862.4,0.808,0.0,0.0,0.0,5
1556,241999.0,0.808,0.0,0.0,0.0,5
1557,242143.2,0.8039999999999999,0.0,0.0,0.0,5
1558,242278.8,0.8039999999999999,0.0,0.0,0.0,5
1559,242415.8,0.8039999999999999,0.0,0.0,0.0,5
1560,242563.4,0.8039999999999999,0.0,0.0,0.0,5
1561,242711.6,0.808,0.0,0.0,0.0,5
1562,242865.6,0.8119999999999999,0.0,0.0,0.0,5
1563,243043.2,0.8119999999999999,0.0,0.0,0.0,5
1564,243171.6,0.808,0.0,0.0,0.0,5
1565,243301.8,0.8039999999999999,0.0,0.0,0.0,5
1566,243412.8,0.8,0.0,0.0,0.0,5
1567,243571.2,0.8,0.0,0.0,0.0,5
1568,243714.2,0.8,0.0,0.0,0.0,5
1569,243874.4,0.8,0.0,0.0,0.0,5
1570,244009.2,0.8,0.0,0.0,0.0,5
1571,244147.0,0.8,0.0,0.0,0.0,5
1572,244321.0,0.8,0.0,0.0,0.0,5
1573,244484.2,0.8,0.0,0.0,0.0,5
1574,244673.0,0.8,0.0,0.0,0.0,5
1575,244855.6,0.8,0.0,0.0,0.0,5
1576,244995.4,0.796,0.0,0.0,0.0,5
1577,245147.2,0.796,0.0,0.0,0.0,5
1578,245278.8,0.796,0.0,0.0,0.0,5
1579,245420.0,0.8,0.0,0.0,0.0,5
1580,245561.2,0.8,0.0,0.0,0.0,5
1581,245695.0,0.8,0.0,0.0,0.0,5
1582,245825.8,0.8,0.0,0.0,0.0,5
1583,245962.2,0.8,0.0,0.0,0.0,5
1584,246107.0,0.8,0.0,0.0,0.0,5
1585,246250.6,0.804,0.0,0.0,0.0,5
1586,246393.2,0.804,0.0,0.0,0.0,5
1587,246538.8,0.808,0.0,0.0,0.0,5
1588,246688.0,0.808,0.0,0.0,0.0,5
1589,246851.2,0.812,0.0,0.0,0.0,5
1590,246996.6,0.812,0.0,0.0,0.0,5
1591,247133.4,0.812,0.0,0.0,0.0,5
1592,247280.0,0.812,0.0,0.0,0.0,5
1593,247439.8,0.8160000000000001,0.0,0.0,0.0,5
1594,247585.0,0.82,0.0,0.0,0.0,5
1595,247744.8,0.8240000000000001,0.0,0.0,0.0,5
1596,247907.2,0.8240000000000001,0.0,0.0,0.0,5
1597,248044.6,0.8240000000000001,0.0,0.0,0.0,5
1598,248178.6,0.8240000000000001,0.0,0.0,0.0,5
1599,248318.6,0.828,0.0,0.0,0.0,5
1600,248533.2,0.828,0.0,0.0,0.0,5
1601,248670.0,0.828,0.0,0.0,0.0,5
1602,248814.6,0.8320000000000001,0.0,0.0,0.0,5
1603,248959.2,0.836,0.0,0.0,0.0,5
1604,249102.4,0.8400000000000001,0.0,0.0,0.0,5
1605,249240.6,0.844,0.0,0.0,0.0,5
1606,249380.8,0.8480000000000001,0.0,0.0,0.0,5
1607,249520.2,0.852,0.0,0.0,0.0,5
1608,249662.8,0.8560000000000001,0.0,0.0,0.0,5
1609,249807.6,0.86,0.0,0.0,0.0,5
1610,249952.8,0.8640000000000001,0.0,0.0,0.0,5
1611,250096.0,0.8640000000000001,0.0,0.0,0.0,5
1612,250240.6,0.8640000000000001,0.0,0.0,0.0,5
1613,250380.2,0.868,0.0,0.0,0.0,5
1614,250530.4,0.876,0.0,0.0,0.0,5
1615,250678.4,0.884,0.0,0.0,0.0,5
1616,250836.8,0.892,0.0,0.0,0.0,5
1617,251003.6,0.8960000000000001,0.0,0.0,0.0,5
1618,251184.0,0.9,0.0,0.0,0.0,5
1619,251353.0,0.9039999999999999,0.0,0.0,0.0,5
1620,251493.8,0.908,0.0,0.0,0.0,5
1621,251643.4,0.9119999999999999,0.0,0.0,0.0,5
1622,251806.2,0.916,0.0,0.0,0.0,5
1623,251961.0,0.9199999999999999,0.0,0.0,0.0,5
1624,252121.6,0.924,0.0,0.0,0.0,5
1625,252272.0,0.924,0.0,0.0,0.0,5
1626,252430.2,0.9279999999999999,0.0,0.0,0.0,5
1627,252587.0,0.932,0.0,0.0,0.0,5
1628,252739.2,0.9359999999999999,0.0,0.0,0.0,5
1629,252911.2,0.9359999999999999,0.0,0.0,0.0,5
1630,253074.4,0.9400000000000001,0.0,0.0,0.0,5
1631,253229.6,0.944,0.0,0.0,0.0,5
1632,253375.6,0.9480000000000001,0.0,0.0,0.0,5
1633,253522.2,0.952,0.0,0.0,0.0,5
1634,253667.8,0.9560000000000001,0.0,0.0,0.0,5
1635,253829.2,0.9560000000000001,0.0,0.0,0.0,5
1636,253971.6,0.96,0.0,0.0,0.0,5
1637,254118.6,0.96,0.0,0.0,0.0,5
1638,254268.4,0.9640000000000001,0.0,0.0,0.0,5
1639,254411.2,0.9640000000000001,0.0,0.0,0.0,5
1640,254559.8,0.968,0.0,0.0,0.0,5
1641,254709.8,0.9720000000000001,0.0,0.0,0.0,5
1642,254849.2,0.976,0.0,0.0,0.0,5
1643,254986.6,0.976,0.0,0.0,0.0,5
1644,255126.8,0.976,0.0,0.0,0.0,5
1645,255281.6,0.976,0.0,0.0,0.0,5
1646,255423.4,0.976,0.0,0.0,0.0,5
1647,255562.0,0.9800000000000001,0.0,0.0,0.0,5
1648,255709.4,0.984,0.0,0.0,0.0,5
1649,255857.2,0.984,0.0,0.0,0.0,5
1650,256004.2,0.9879999999999999,0.0,0.0,0.0,5
1651,256143.6,0.992,0.0,0.0,0.0,5
1652,256282.8,0.992,0.0,0.0,0.0,5
1653,256429.6,0.992,0.0,0.0,0.0,5
1654,256574.8,0.992,0.0,0.0,0.0,5
1655,256715.0,0.992,0.0,0.0,0.0,5
1656,256860.4,0.992,0.0,0.0,0.0,5
1657,257007.4,0.992,0.0,0.0,0.0,5
1658,257176.6,0.992,0.0,0.0,0.0,5
1659,257348.2,0.992,0.0,0.0,0.0,5
1660,257502.8,0.992,0.0,0.0,0.0,5
1661,257642.2,0.992,0.0,0.0,0.0,5
1662,257782.8,0.992,0.0,0.0,0.0,5
1663,257927.2,0.992,0.0,0.0,0.0,5
1664,258074.6,0.992,0.0,0.0,0.0,5
1665,258218.8,0.992,0.0,0.0,0.0,5
1666,258368.2,0.992,0.0,0.0,0.0,5
1667,258522.6,0.992,0.0,0.0,0.0,5
1668,258667.8,0.992,0.0,0.0,0.0,5
1669,258816.6,0.992,0.0,0.0,0.0,5
1670,258959.4,0.992,0.0,0.0,0.0,5
1671,259108.8,0.992,0.0,0.0,0.0,5
1672,259257.6,0.992,0.0,0.0,0.0,5
1673,259417.8,0.992,0.0,0.0,0.0,5
1674,259593.8,0.992,0.0,0.0,0.0,5
1675,259747.6,0.9960000000000001,0.0,0.0,0.0,5
1676,259908.4,1.0,0.0,0.0,0.0,5
1677,260049.8,1.0,0.0,0.0,0.0,5
1678,260197.8,1.0,0.0,0.0,0.0,5
1679,260337.8,1.0,0.0,0.0,0.0,5
1680,260480.4,1.0,0.0,0.0,0.0,5
1681,260633.4,1.0,0.0,0.0,0.0,5
1682,260780.6,1.0,0.0,0.0,0.0,5
1683,260928.6,1.0,0.0,0.0,0.0,5
1684,261075.2,1.0,0.0,0.0,0.0,5
1685,261219.6,1.0,0.0,0.0,0.0,5
1686,261358.6,1.0,0.0,0.0,0.0,5
1687,261498.4,1.0,0.0,0.0,0.0,5
1688,261634.4,1.0,0.0,0.0,0.0,5
1689,261771.8,1.0,0.0,0.0,0.0,5
1690,261912.0,1.0,0.0,0.0,0.0,5
1691,262055.8,1.0,0.0,0.0,0.0,5
1692,262199.8,1.0,0.0,0.0,0.0,5
1693,262348.6,1.0,0.0,0.0,0.0,5
1694,262490.4,1.0,0.0,0.0,0.0,5
1695,262626.8,1.0,0.0,0.0,0.0,5
1696,262770.2,1.0,0.0,0.0,0.0,5
1697,262908.6,1.0,0.0,0.0,0.0,5
1698,263044.6,1.0,0.0,0.0,0.0,5
1699,263178.4,1.0,0.0,0.0,0.0,5
1700,263327.6,1.0,0.0,0.0,0.0,5
1701,263474.6,1.0,0.0,0.0,0.0,5
1702,263622.0,1.0,0.0,0.0,0.0,5
1703,263773.6,1.0,0.0,0.0,0.0,5
1704,263926.8,1.0,0.0,0.0,0.0,5
1705,264089.8,1.0,0.0,0.0,0.0,5
1706,264238.0,1.0,0.0,0.0,0.0,5
1707,264377.8,1.0,0.0,0.0,0.0,5
1708,264519.0,1.0,0.0,0.0,0.0,5
1709,264659.4,1.0,0.0,0.0,0.0,5
1710,264794.6,1.0,0.0,0.0,0.0,5
1711,264937.0,1.0,0.0,0.0,0.0,5
1712,265076.4,1.0,0.0,0.0,0.0,5
1713,265217.2,1.0,0.0,0.0,0.0,5
1714,265359.4,1.0,0.0,0.0,0.0,5
1715,265495.2,1.0,0.0,0.0,0.0,5
1716,265629.4,1.0,0.0,0.0,0.0,5
1717,265763.2,1.0,0.0,0.0,0.0,5
1718,265899.6,1.0,0.0,0.0,0.0,5
1719,266048.4,1.0,0.0,0.0,0.0,5
1720,266182.0,1.0,0.0,0.0,0.0,5
1721,266321.2,1.0,0.0,0.0,0.0,5
1722,266461.4,1.0,0.0,0.0,0.0,5
1723,266600.2,1.0,0.0,0.0,0.0,5
1724,266737.4,1.0,0.0,0.0,0.0,5
1725,266874.8,1.0,0.0,0.0,0.0,5
1726,267011.8,1.0,0.0,0.0,0.0,5
1727,267148.2,1.0,0.0,0.0,0.0,5
1728,267291.6,1.0,0.0,0.0,0.0,5
1729,267433.6,1.0,0.0,0.0,0.0,5
1730,267584.4,1.0,0.0,0.0,0.0,5
1731,267718.8,1.0,0.0,0.0,0.0,5
1732,267865.0,1.0,0.0,0.0,0.0,5
1733,268008.0,1.0,0.0,0.0,0.0,5
1734,268155.0,1.0,0.0,0.0,0.0,5
1735,268299.2,1.0,0.0,0.0,0.0,5
1736,268449.2,1.0,0.0,0.0,0.0,5
1737,268593.0,1.0,0.0,0.0,0.0,5
1738,268741.0,1.0,0.0,0.0,0.0,5
1739,268896.0,1.0,0.0,0.0,0.0,5
1740,269041.6,1.0,0.0,0.0,0.0,5
1741,269191.0,1.0,0.0,0.0,0.0,5
1742,269344.8,1.0,0.0,0.0,0.0,5
1743,269485.2,1.0,0.0,0.0,0.0,5
1744,269640.2,1.0,0.0,0.0,0.0,5
1745,269792.8,1.0,0.0,0.0,0.0,5
1746,269932.6,1.0,0.0,0.0,0.0,5
1747,270075.8,1.0,0.0,0.0,0.0,5
1748,270218.0,1.0,0.0,0.0,0.0,5
1749,270365.2,1.0,0.0,0.0,0.0,5
1750,270514.8,1.0,0.0,0.0,0.0,5
1751,270664.8,1.0,0.0,0.0,0.0,5
1752,270808.4,1.0,0.0,0.0,0.0,5
1753,270956.0,1.0,0.0,0.0,0.0,5
1754,271110.6,1.0,0.0,0.0,0.0,5
1755,271261.6,1.0,0.0,0.0,0.0,5
1756,271405.6,1.0,0.0,0.0,0.0,5
1757,271554.8,1.0,0.0,0.0,0.0,5
1758,271697.8,1.0,0.0,0.0,0.0,5
1759,271847.8,1.0,0.0,0.0,0.0,5
1760,271965.4,0.9960000000000001,0.0,0.0,0.0,5
1761,272091.0,0.992,0.0,0.0,0.0,5
1762,272250.8,0.992,0.0,0.0,0.0,5
1763,272396.2,0.992,0.0,0.0,0.0,5
1764,272544.8,0.992,0.0,0.0,0.0,5
1765,272683.8,0.992,0.0,0.0,0.0,5
1766,272829.8,0.992,0.0,0.0,0.0,5
1767,272976.2,0.992,0.0,0.0,0.0,5
1768,273118.8,0.992,0.0,0.0,0.0,5
1769,273259.8,0.992,0.0,0.0,0.0,5
1770,273413.4,0.992,0.0,0.0,0.0,5
1771,273556.0,0.992,0.0,0.0,0.0,5
1772,273697.4,0.992,0.0,0.0,0.0,5
1773,273839.8,0.992,0.0,0.0,0.0,5
1774,273980.0,0.992,0.0,0.0,0.0,5
1775,274119.0,0.992,0.0,0.0,0.0,5
1776,274263.2,0.992,0.0,0.0,0.0,5
1777,274409.2,0.992,0.0,0.0,0.0,5
1778,274548.6,0.992,0.0,0.0,0.0,5
1779,274698.2,0.992,0.0,0.0,0.0,5
1780,274856.6,0.992,0.0,0.0,0.0,5
1781,275004.2,0.992,0.0,0.0,0.0,5
1782,275148.0,0.992,0.0,0.0,0.0,5
1783,275285.8,0.992,0.0,0.0,0.0,5
1784,275424.0,0.992,0.0,0.0,0.0,5
1785,275597.8,0.992,0.0,0.0,0.0,5
1786,275729.2,0.9879999999999999,0.0,0.0,0.0,5
1787,275871.8,0.9879999999999999,0.0,0.0,0.0,5
1788,276027.0,0.9879999999999999,0.0,0.0,0.0,5
1789,276187.4,0.9879999999999999,0.0,0.0,0.0,5
1790,276347.6,0.9879999999999999,0.0,0.0,0.0,5
1791,276498.2,0.9879999999999999,0.0,0.0,0.0,5
1792,276654.8,0.9879999999999999,0.0,0.0,0.0,5
1793,276801.6,0.9879999999999999,0.0,0.0,0.0,5
1794,276948.0,0.9879999999999999,0.0,0.0,0.0,5
1795,277093.4,0.9879999999999999,0.0,0.0,0.0,5
1796,277223.6,0.984,0.0,0.0,0.0,5
1797,277375.0,0.984,0.0,0.0,0.0,5
1798,277523.6,0.984,0.0,0.0,0.0,5
1799,277671.6,0.984,0.0,0.0,0.0,5
1800,277817.4,0.984,0.0,0.0,0.0,5
1801,277959.2,0.984,0.0,0.0,0.0,5
1802,278108.6,0.984,0.0,0.0,0.0,5
1803,278256.8,0.984,0.0,0.0,0.0,5
1804,278418.0,0.984,0.0,0.0,0.0,5
1805,278563.6,0.984,0.0,0.0,0.0,5
1806,278710.6,0.984,0.0,0.0,0.0,5
1807,278850.0,0.984,0.0,0.0,0.0,5
1808,278989.2,0.984,0.0,0.0,0.0,5
1809,279129.0,0.984,0.0,0.0,0.0,5
1810,279284.0,0.9879999999999999,0.0,0.0,0.0,5
1811,279426.0,0.992,0.0,0.0,0.0,5
1812,279573.8,0.992,0.0,0.0,0.0,5
1813,279714.8,0.992,0.0,0.0,0.0,5
1814,279864.0,0.992,0.0,0.0,0.0,5
1815,280011.8,0.992,0.0,0.0,0.0,5
1816,280152.2,0.992,0.0,0.0,0.0,5
1817,280297.2,0.992,0.0,0.0,0.0,5
1818,280430.8,0.992,0.0,0.0,0.0,5
1819,280570.6,0.992,0.0,0.0,0.0,5
1820,280725.8,0.992,0.0,0.0,0.0,5
1821,280867.2,0.992,0.0,0.0,0.0,5
1822,281012.0,0.992,0.0,0.0,0.0,5
1823,281158.8,0.992,0.0,0.0,0.0,5
1824,281318.2,0.992,0.0,0.0,0.0,5
1825,281466.4,0.992,0.0,0.0,0.0,5
1826,281611.6,0.992,0.0,0.0,0.0,5
1827,281760.6,0.992,0.0,0.0,0.0,5
1828,281898.0,0.992,0.0,0.0,0.0,5
1829,282040.2,0.992,0.0,0.0,0.0,5
1830,282185.6,0.992,0.0,0.0,0.0,5
1831,282334.6,0.992,0.0,0.0,0.0,5
1832,282488.8,0.992,0.0,0.0,0.0,5
1833,282632.8,0.992,0.0,0.0,0.0,5
1834,282777.4,0.992,0.0,0.0,0.0,5
1835,282934.6,0.992,0.0,0.0,0.0,5
1836,283087.8,0.9960000000000001,0.0,0.0,0.0,5
1837,283237.0,0.9960000000000001,0.0,0.0,0.0,5
1838,283384.8,0.9960000000000001,0.0,0.0,0.0,5
1839,283541.2,0.9960000000000001,0.0,0.0,0.0,5
1840,283697.2,0.9960000000000001,0.0,0.0,0.0,5
1841,283840.2,0.9960000000000001,0.0,0.0,0.0,5
1842,283983.2,0.9960000000000001,0.0,0.0,0.0,5
1843,284123.0,0.9960000000000001,0.0,0.0,0.0,5
1844,284267.2,0.9960000000000001,0.0,0.0,0.0,5
1845,284411.0,0.9960000000000001,0.0,0.0,0.0,5
1846,284540.4,0.9960000000000001,0.0,0.0,0.0,5
1847,284694.4,0.9960000000000001,0.0,0.0,0.0,5
1848,284846.8,0.9960000000000001,0.0,0.0,0.0,5
1849,285000.0,0.9960000000000001,0.0,0.0,0.0,5
1850,285147.2,0.9960000000000001,0.0,0.0,0.0,5
1851,285291.4,0.9960000000000001,0.0,0.0,0.0,5
1852,285450.2,0.9960000000000001,0.0,0.0,0.0,5
1853,285591.2,0.9960000000000001,0.0,0.0,0.0,5
1854,285751.8,0.9960000000000001,0.0,0.0,0.0,5
1855,285907.4,0.9960000000000001,0.0,0.0,0.0,5
1856,286049.6,0.9960000000000001,0.0,0.0,0.0,5
1857,286190.6,0.9960000000000001,0.0,0.0,0.0,5
1858,286330.0,0.9960000000000001,0.0,0.0,0.0,5
1859,286470.6,0.9960000000000001,0.0,0.0,0.0,5
1860,286611.2,0.9960000000000001,0.0,0.0,0.0,5
1861,286752.6,0.9960000000000001,0.0,0.0,0.0,5
1862,286895.8,0.9960000000000001,0.0,0.0,0.0,5
1863,287043.6,0.9960000000000001,0.0,0.0,0.0,5
1864,287186.8,0.9960000000000001,0.0,0.0,0.0,5
1865,287338.6,0.9960000000000001,0.0,0.0,0.0,5
1866,287480.2,0.9960000000000001,0.0,0.0,0.0,5
1867,287623.6,0.9960000000000001,0.0,0.0,0.0,5
1868,287773.2,0.9960000000000001,0.0,0.0,0.0,5
1869,287923.6,0.9960000000000001,0.0,0.0,0.0,5
1870,288093.6,0.9960000000000001,0.0,0.0,0.0,5
1871,288272.0,0.9960000000000001,0.0,0.0,0.0,5
1872,288425.6,0.9960000000000001,0.0,0.0,0.0,5
1873,288558.8,0.9960000000000001,0.0,0.0,0.0,5
1874,288695.6,0.9960000000000001,0.0,0.0,0.0,5
1875,288842.2,0.9960000000000001,0.0,0.0,0.0,5
1876,288977.8,0.9960000000000001,0.0,0.0,0.0,5
1877,289116.6,0.9960000000000001,0.0,0.0,0.0,5
1878,289254.8,0.9960000000000001,0.0,0.0,0.0,5
1879,289401.4,0.9960000000000001,0.0,0.0,0.0,5
1880,289540.8,0.9960000000000001,0.0,0.0,0.0,5
1881,289682.4,0.9960000000000001,0.0,0.0,0.0,5
1882,289821.6,0.9960000000000001,0.0,0.0,0.0,5
1883,289963.2,0.9960000000000001,0.0,0.0,0.0,5
1884,290097.0,0.9960000000000001,0.0,0.0,0.0,5
1885,290237.6,0.9960000000000001,0.0,0.0,0.0,5
1886,290386.0,0.9960000000000001,0.0,0.0,0.0,5
1887,290524.2,0.9960000000000001,0.0,0.0,0.0,5
1888,290661.0,0.9960000000000001,0.0,0.0,0.0,5
1889,290794.8,0.9960000000000001,0.0,0.0,0.0,5
1890,290934.4,0.9960000000000001,0.0,0.0,0.0,5
1891,291073.2,0.9960000000000001,0.0,0.0,0.0,5
1892,291216.6,0.9960000000000001,0.0,0.0,0.0,5
1893,291361.2,0.9960000000000001,0.0,0.0,0.0,5
1894,291504.6,0.9960000000000001,0.0,0.0,0.0,5
1895,291643.4,0.9960000000000001,0.0,0.0,0.0,5
1896,291778.4,1.0,0.0,0.0,0.0,5
1897,291919.6,1.0,0.0,0.0,0.0,5
1898,292061.0,1.0,0.0,0.0,0.0,5
1899,292220.0,1.0,0.0,0.0,0.0,5
1900,292369.8,1.0,0.0,0.0,0.0,5
1901,292536.4,1.0,0.0,0.0,0.0,5
1902,292683.4,1.0,0.0,0.0,0.0,5
1903,292829.0,1.0,0.0,0.0,0.0,5
1904,292974.0,1.0,0.0,0.0,0.0,5
1905,293119.0,1.0,0.0,0.0,0.0,5
1906,293260.6,1.0,0.0,0.0,0.0,5
1907,293404.6,1.0,0.0,0.0,0.0,5
1908,293546.6,1.0,0.0,0.0,0.0,5
1909,293686.2,1.0,0.0,0.0,0.0,5
1910,293830.0,1.0,0.0,0.0,0.0,5
1911,293962.2,1.0,0.0,0.0,0.0,5
1912,294102.0,1.0,0.0,0.0,0.0,5
1913,294236.6,1.0,0.0,0.0,0.0,5
1914,294372.0,1.0,0.0,0.0,0.0,5
1915,294510.4,1.0,0.0,0.0,0.0,5
1916,294655.8,1.0,0.0,0.0,0.0,5
1917,294795.4,1.0,0.0,0.0,0.0,5
1918,294937.6,1.0,0.0,0.0,0.0,5
1919,295078.4,1.0,0.0,0.0,0.0,5
1920,295253.4,1.0,0.0,0.0,0.0,5
1921,295374.2,0.9960000000000001,0.0,0.0,0.0,5
1922,295545.0,0.9960000000000001,0.0,0.0,0.0,5
1923,295717.8,0.9960000000000001,0.0,0.0,0.0,5
1924,295887.8,0.9960000000000001,0.0,0.0,0.0,5
1925,296008.2,0.992,0.0,0.0,0.0,5
1926,296131.0,0.9879999999999999,0.0,0.0,0.0,5
1927,296251.4,0.984,0.0,0.0,0.0,5
1928,296378.6,0.9800000000000001,0.0,0.0,0.0,5
1929,296491.4,0.976,0.0,0.0,0.0,5
1930,296656.8,0.976,0.0,0.0,0.0,5
1931,296793.6,0.9720000000000001,0.0,0.0,0.0,5
1932,296921.2,0.968,0.0,0.0,0.0,5
1933,297086.2,0.968,0.0,0.0,0.0,5
1934,297228.0,0.968,0.0,0.0,0.0,5
1935,297368.6,0.968,0.0,0.0,0.0,5
1936,297513.0,0.968,0.0,0.0,0.0,5
1937,297674.6,0.968,0.0,0.0,0.0,5
1938,297791.4,0.9640000000000001,0.0,0.0,0.0,5
1939,297962.4,0.9640000000000001,0.0,0.0,0.0,5
1940,298120.6,0.9640000000000001,0.0,0.0,0.0,5
1941,298292.8,0.9640000000000001,0.0,0.0,0.0,5
1942,298406.2,0.96,0.0,0.0,0.0,5
1943,298520.4,0.9560000000000001,0.0,0.0,0.0,5
1944,298684.2,0.9560000000000001,0.0,0.0,0.0,5
1945,298832.6,0.9560000000000001,0.0,0.0,0.0,5
1946,298986.8,0.9560000000000001,0.0,0.0,0.0,5
1947,299098.8,0.952,0.0,0.0,0.0,5
1948,299212.0,0.9480000000000001,0.0,0.0,0.0,5
1949,299329.4,0.944,0.0,0.0,0.0,5
1950,299485.6,0.944,0.0,0.0,0.0,5
1951,299623.8,0.944,0.0,0.0,0.0,5
1952,299759.2,0.944,0.0,0.0,0.0,5
1953,299893.6,0.944,0.0,0.0,0.0,5
1954,300027.2,0.944,0.0,0.0,0.0,5
1955,300168.4,0.944,0.0,0.0,0.0,5
1956,300313.6,0.944,0.0,0.0,0.0,5
1957,300457.2,0.944,0.0,0.0,0.0,5
1958,300605.8,0.944,0.0,0.0,0.0,5
1959,300749.8,0.944,0.0,0.0,0.0,5
1960,300869.4,0.9400000000000001,0.0,0.0,0.0,5
1961,301046.0,0.9400000000000001,0.0,0.0,0.0,5
1962,301163.0,0.9359999999999999,0.0,0.0,0.0,5
1963,301339.8,0.9359999999999999,0.0,0.0,0.0,5
1964,301459.6,0.932,0.0,0.0,0.0,5
1965,301578.6,0.9279999999999999,0.0,0.0,0.0,5
1966,301700.2,0.924,0.0,0.0,0.0,5
1967,301851.8,0.924,0.0,0.0,0.0,5
1968,301973.0,0.9199999999999999,0.0,0.0,0.0,5
1969,302091.0,0.916,0.0,0.0,0.0,5
1970,302264.8,0.916,0.0,0.0,0.0,5
1971,302377.4,0.916,0.0,0.0,0.0,5
1972,302494.8,0.9120000000000001,0.0,0.0,0.0,5
1973,302610.2,0.908,0.0,0.0,0.0,5
1974,302725.6,0.9039999999999999,0.0,0.0,0.0,5
1975,302837.6,0.9039999999999999,0.0,0.0,0.0,5
1976,302957.8,0.9039999999999999,0.0,0.0,0.0,5
1977,303136.4,0.908,0.0,0.0,0.0,5
1978,303303.2,0.9120000000000001,0.0,0.0,0.0,5
1979,303415.8,0.9120000000000001,0.0,0.0,0.0,5
1980,303535.2,0.908,0.0,0.0,0.0,5
1981,303698.0,0.9120000000000001,0.0,0.0,0.0,5
1982,303849.0,0.916,0.0,0.0,0.0,5
1983,304051.4,0.916,0.0,0.0,0.0,5
1984,304167.4,0.9120000000000001,0.0,0.0,0.0,5
1985,304334.0,0.9120000000000001,0.0,0.0,0.0,5
1986,304452.8,0.908,0.0,0.0,0.0,5
1987,304571.0,0.9039999999999999,0.0,0.0,0.0,5
1988,304754.2,0.908,0.0,0.0,0.0,5
1989,304871.0,0.9039999999999999,0.0,0.0,0.0,5
1990,305024.2,0.9039999999999999,0.0,0.0,0.0,5
1991,305190.2,0.9039999999999999,0.0,0.0,0.0,5
1992,305309.4,0.9039999999999999,0.0,0.0,0.0,5
1993,305427.2,0.9039999999999999,0.0,0.0,0.0,5
1994,305540.8,0.9,0.0,0.0,0.0,5
1995,305663.2,0.8960000000000001,0.0,0.0,0.0,5
1996,305788.6,0.892,0.0,0.0,0.0,5
1997,305909.8,0.892,0.0,0.0,0.0,5
1998,306022.6,0.892,0.0,0.0,0.0,5
1999,306135.6,0.892,0.0,0.0,0.0,5
2000,306249.0,0.8880000000000001,0.0,0.0,0.0,5
2001,306367.2,0.884,0.0,0.0,0.0,5
2002,306483.6,0.8800000000000001,0.0,0.0,0.0,5
2003,306617.8,0.876,0.0,0.0,0.0,5
2004,306744.0,0.8720000000000001,0.0,0.0,0.0,5
2005,306891.2,0.868,0.0,0.0,0.0,5
2006,307029.6,0.8640000000000001,0.0,0.0,0.0,5
2007,307186.6,0.8640000000000001,0.0,0.0,0.0,5
2008,307306.8,0.86,0.0,0.0,0.0,5
2009,307424.0,0.8560000000000001,0.0,0.0,0.0,5
2010,307581.2,0.86,0.0,0.0,0.0,5
2011,307744.6,0.86,0.0,0.0,0.0,5
2012,307908.2,0.8640000000000001,0.0,0.0,0.0,5
2013,308047.8,0.8640000000000001,0.0,0.0,0.0,5
2014,308190.2,0.868,0.0,0.0,0.0,5
2015,308328.6,0.8720000000000001,0.0,0.0,0.0,5
2016,308469.8,0.876,0.0,0.0,0.0,5
2017,308614.4,0.876,0.0,0.0,0.0,5
2018,308754.8,0.8800000000000001,0.0,0.0,0.0,5
2019,308888.2,0.884,0.0,0.0,0.0,5
2020,309025.4,0.884,0.0,0.0,0.0,5
2021,309181.2,0.8880000000000001,0.0,0.0,0.0,5
2022,309337.8,0.892,0.0,0.0,0.0,5
2023,309486.8,0.8960000000000001,0.0,0.0,0.0,5
2024,309630.6,0.9,0.0,0.0,0.0,5
2025,309783.0,0.9039999999999999,0.0,0.0,0.0,5
2026,309947.4,0.908,0.0,0.0,0.0,5
2027,310116.0,0.908,0.0,0.0,0.0,5
2028,310234.8,0.9039999999999999,0.0,0.0,0.0,5
2029,310397.4,0.908,0.0,0.0,0.0,5
2030,310553.4,0.9120000000000001,0.0,0.0,0.0,5
2031,310677.2,0.908,0.0,0.0,0.0,5
2032,310796.4,0.9039999999999999,0.0,0.0,0.0,5
2033,310959.8,0.9039999999999999,0.0,0.0,0.0,5
2034,311116.4,0.908,0.0,0.0,0.0,5
2035,311276.6,0.908,0.0,0.0,0.0,5
2036,311429.8,0.9120000000000001,0.0,0.0,0.0,5
2037,311578.0,0.916,0.0,0.0,0.0,5
2038,311713.2,0.916,0.0,0.0,0.0,5
2039,311853.0,0.9199999999999999,0.0,0.0,0.0,5
2040,311992.6,0.9199999999999999,0.0,0.0,0.0,5
2041,312134.4,0.9199999999999999,0.0,0.0,0.0,5
2042,312286.6,0.924,0.0,0.0,0.0,5
2043,312423.6,0.9279999999999999,0.0,0.0,0.0,5
2044,312558.2,0.932,0.0,0.0,0.0,5
2045,312695.8,0.9359999999999999,0.0,0.0,0.0,5
2046,312840.2,0.9400000000000001,0.0,0.0,0.0,5
2047,312981.0,0.944,0.0,0.0,0.0,5
2048,313129.4,0.9480000000000001,0.0,0.0,0.0,5
2049,313276.4,0.952,0.0,0.0,0.0,5
2050,313413.2,0.9560000000000001,0.0,0.0,0.0,5
2051,313550.0,0.96,0.0,0.0,0.0,5
2052,313685.6,0.9640000000000001,0.0,0.0,0.0,5
2053,313815.8,0.968,0.0,0.0,0.0,5
2054,313954.0,0.9720000000000001,0.0,0.0,0.0,5
2055,314097.2,0.976,0.0,0.0,0.0,5
2056,314236.6,0.9800000000000001,0.0,0.0,0.0,5
2057,314376.6,0.9800000000000001,0.0,0.0,0.0,5
2058,314510.2,0.984,0.0,0.0,0.0,5
2059,314641.4,0.9879999999999999,0.0,0.0,0.0,5
2060,314789.4,0.9879999999999999,0.0,0.0,0.0,5
2061,314922.6,0.9879999999999999,0.0,0.0,0.0,5
2062,315056.4,0.9879999999999999,0.0,0.0,0.0,5
2063,315191.2,0.9879999999999999,0.0,0.0,0.0,5
2064,315335.4,0.9879999999999999,0.0,0.0,0.0,5
2065,315471.8,0.9879999999999999,0.0,0.0,0.0,5
2066,315609.2,0.9879999999999999,0.0,0.0,0.0,5
2067,315746.4,0.9879999999999999,0.0,0.0,0.0,5
2068,315887.0,0.9879999999999999,0.0,0.0,0.0,5
2069,316030.6,0.9879999999999999,0.0,0.0,0.0,5
2070,316169.8,0.9879999999999999,0.0,0.0,0.0,5
2071,316302.4,0.9879999999999999,0.0,0.0,0.0,5
2072,316438.8,0.9879999999999999,0.0,0.0,0.0,5
2073,316570.2,0.9879999999999999,0.0,0.0,0.0,5
2074,316703.6,0.9879999999999999,0.0,0.0,0.0,5
2075,316841.2,0.9879999999999999,0.0,0.0,0.0,5
2076,316976.4,0.9879999999999999,0.0,0.0,0.0,5
2077,317110.6,0.9879999999999999,0.0,0.0,0.0,5
2078,317250.8,0.992,0.0,0.0,0.0,5
2079,317397.8,0.992,0.0,0.0,0.0,5
2080,317537.2,0.992,0.0,0.0,0.0,5
2081,317675.0,0.9960000000000001,0.0,0.0,0.0,5
2082,317808.2,1.0,0.0,0.0,0.0,5
2083,317948.4,1.0,0.0,0.0,0.0,5
2084,318108.4,1.0,0.0,0.0,0.0,5
2085,318258.2,1.0,0.0,0.0,0.0,5
2086,318400.8,1.0,0.0,0.0,0.0,5
2087,318544.8,1.0,0.0,0.0,0.0,5
2088,318688.6,1.0,0.0,0.0,0.0,5
2089,318832.0,1.0,0.0,0.0,0.0,5
2090,318969.8,1.0,0.0,0.0,0.0,5
2091,319104.6,1.0,0.0,0.0,0.0,5
2092,319238.0,1.0,0.0,0.0,0.0,5
2093,319367.4,1.0,0.0,0.0,0.0,5
2094,319502.8,1.0,0.0,0.0,0.0,5
2095,319634.2,1.0,0.0,0.0,0.0,5
2096,319766.2,1.0,0.0,0.0,0.0,5
2097,319900.4,1.0,0.0,0.0,0.0,5
2098,320035.6,1.0,0.0,0.0,0.0,5
2099,320172.4,1.0,0.0,0.0,0.0,5
2100,320311.6,1.0,0.0,0.0,0.0,5
2101,320454.6,1.0,0.0,0.0,0.0,5
2102,320600.6,1.0,0.0,0.0,0.0,5
2103,320752.2,1.0,0.0,0.0,0.0,5
2104,320899.8,1.0,0.0,0.0,0.0,5
2105,321050.8,1.0,0.0,0.0,0.0,5
2106,321190.8,1.0,0.0,0.0,0.0,5
2107,321327.6,1.0,0.0,0.0,0.0,5
2108,321468.0,1.0,0.0,0.0,0.0,5
2109,321604.4,1.0,0.0,0.0,0.0,5
2110,321750.4,1.0,0.0,0.0,0.0,5
2111,321886.2,1.0,0.0,0.0,0.0,5
2112,322024.6,1.0,0.0,0.0,0.0,5
2113,322165.4,1.0,0.0,0.0,0.0,5
2114,322315.0,1.0,0.0,0.0,0.0,5
2115,322473.8,1.0,0.0,0.0,0.0,5
2116,322621.0,1.0,0.0,0.0,0.0,5
2117,322765.4,1.0,0.0,0.0,0.0,5
2118,322914.4,1.0,0.0,0.0,0.0,5
2119,323051.4,1.0,0.0,0.0,0.0,5
2120,323189.0,1.0,0.0,0.0,0.0,5
2121,323351.0,1.0,0.0,0.0,0.0,5
2122,323484.2,1.0,0.0,0.0,0.0,5
2123,323617.4,1.0,0.0,0.0,0.0,5
2124,323768.8,1.0,0.0,0.0,0.0,5
2125,323907.8,1.0,0.0,0.0,0.0,5
2126,324048.4,1.0,0.0,0.0,0.0,5
2127,324189.6,1.0,0.0,0.0,0.0,5
2128,324329.8,1.0,0.0,0.0,0.0,5
2129,324481.0,1.0,0.0,0.0,0.0,5
2130,324643.6,1.0,0.0,0.0,0.0,5
2131,324800.6,1.0,0.0,0.0,0.0,5
2132,324949.8,1.0,0.0,0.0,0.0,5
2133,325094.6,1.0,0.0,0.0,0.0,5
2134,325247.6,1.0,0.0,0.0,0.0,5
2135,325385.0,1.0,0.0,0.0,0.0,5
2136,325526.8,1.0,0.0,0.0,0.0,5
2137,325663.2,1.0,0.0,0.0,0.0,5
2138,325797.0,1.0,0.0,0.0,0.0,5
2139,325930.8,1.0,0.0,0.0,0.0,5
2140,326066.0,1.0,0.0,0.0,0.0,5
2141,326201.8,1.0,0.0,0.0,0.0,5
2142,326337.2,1.0,0.0,0.0,0.0,5
2143,326474.6,1.0,0.0,0.0,0.0,5
2144,326607.8,1.0,0.0,0.0,0.0,5
2145,326744.6,1.0,0.0,0.0,0.0,5
2146,326879.4,1.0,0.0,0.0,0.0,5
2147,327012.2,1.0,0.0,0.0,0.0,5
2148,327147.8,1.0,0.0,0.0,0.0,5
2149,327284.8,1.0,0.0,0.0,0.0,5
2150,327441.0,1.0,0.0,0.0,0.0,5
2151,327588.8,1.0,0.0,0.0,0.0,5
2152,327783.2,1.0,0.0,0.0,0.0,5
2153,327914.4,1.0,0.0,0.0,0.0,5
2154,328059.2,1.0,0.0,0.0,0.0,5
2155,328206.0,1.0,0.0,0.0,0.0,5
2156,328347.2,1.0,0.0,0.0,0.0,5
2157,328507.2,1.0,0.0,0.0,0.0,5
2158,328648.6,1.0,0.0,0.0,0.0,5
2159,328785.8,1.0,0.0,0.0,0.0,5
2160,328927.2,1.0,0.0,0.0,0.0,5
2161,329064.2,1.0,0.0,0.0,0.0,5
2162,329204.0,1.0,0.0,0.0,0.0,5
2163,329354.8,1.0,0.0,0.0,0.0,5
2164,329504.8,1.0,0.0,0.0,0.0,5
2165,329657.6,1.0,0.0,0.0,0.0,5
2166,329799.4,1.0,0.0,0.0,0.0,5
2167,329956.2,1.0,0.0,0.0,0.0,5
2168,330097.4,0.9960000000000001,0.0,0.0,0.0,5
2169,330248.4,0.9960000000000001,0.0,0.0,0.0,5
2170,330395.0,0.9960000000000001,0.0,0.0,0.0,5
2171,330545.2,0.9960000000000001,0.0,0.0,0.0,5
2172,330694.2,0.9960000000000001,0.0,0.0,0.0,5
2173,330830.6,0.9960000000000001,0.0,0.0,0.0,5
2174,330974.4,0.9960000000000001,0.0,0.0,0.0,5
2175,331118.0,0.9960000000000001,0.0,0.0,0.0,5
2176,331275.0,0.9960000000000001,0.0,0.0,0.0,5
2177,331437.6,0.9960000000000001,0.0,0.0,0.0,5
2178,331578.8,0.9960000000000001,0.0,0.0,0.0,5
2179,331713.6,0.9960000000000001,0.0,0.0,0.0,5
2180,331846.8,0.9960000000000001,0.0,0.0,0.0,5
2181,331983.6,0.9960000000000001,0.0,0.0,0.0,5
2182,332124.4,0.9960000000000001,0.0,0.0,0.0,5
2183,332259.8,0.9960000000000001,0.0,0.0,0.0,5
2184,332404.0,0.9960000000000001,0.0,0.0,0.0,5
2185,332540.8,0.9960000000000001,0.0,0.0,0.0,5
2186,332689.8,0.9960000000000001,0.0,0.0,0.0,5
2187,332827.4,0.9960000000000001,0.0,0.0,0.0,5
2188,332989.4,0.9960000000000001,0.0,0.0,0.0,5
2189,333136.4,0.9960000000000001,0.0,0.0,0.0,5
2190,333268.6,0.992,0.0,0.0,0.0,5
2191,333418.4,0.992,0.0,0.0,0.0,5
2192,333558.6,0.992,0.0,0.0,0.0,5
2193,333706.6,0.992,0.0,0.0,0.0,5
2194,333856.0,0.992,0.0,0.0,0.0,5
2195,333996.0,0.992,0.0,0.0,0.0,5
2196,334143.6,0.992,0.0,0.0,0.0,5
2197,334288.4,0.992,0.0,0.0,0.0,5
2198,334448.6,0.992,0.0,0.0,0.0,5
2199,334608.0,0.992,0.0,0.0,0.0,5
2200,334748.8,0.992,0.0,0.0,0.0,5
2201,334888.8,0.992,0.0,0.0,0.0,5
2202,335033.0,0.992,0.0,0.0,0.0,5
2203,335172.6,0.992,0.0,0.0,0.0,5
2204,335320.4,0.992,0.0,0.0,0.0,5
2205,335460.0,0.992,0.0,0.0,0.0,5
2206,335607.2,0.992,0.0,0.0,0.0,5
2207,335768.2,0.992,0.0,0.0,0.0,5
2208,335916.6,0.992,0.0,0.0,0.0,5
2209,336070.8,0.992,0.0,0.0,0.0,5
2210,336210.6,0.992,0.0,0.0,0.0,5
2211,336352.8,0.992,0.0,0.0,0.0,5
2212,336492.8,0.992,0.0,0.0,0.0,5
2213,336643.6,0.992,0.0,0.0,0.0,5
2214,336786.6,0.992,0.0,0.0,0.0,5
2215,336932.6,0.992,0.0,0.0,0.0,5
2216,337073.4,0.992,0.0,0.0,0.0,5
2217,337236.6,0.992,0.0,0.0,0.0,5
2218,337379.4,0.9960000000000001,0.0,0.0,0.0,5
2219,337527.4,0.9960000000000001,0.0,0.0,0.0,5
2220,337680.0,0.9960000000000001,0.0,0.0,0.0,5
2221,337829.4,0.9960000000000001,0.0,0.0,0.0,5
2222,337966.8,0.9960000000000001,0.0,0.0,0.0,5
2223,338113.8,0.9960000000000001,0.0,0.0,0.0,5
2224,338254.2,0.9960000000000001,0.0,0.0,0.0,5
2225,338398.4,0.9960000000000001,0.0,0.0,0.0,5
2226,338542.4,0.9960000000000001,0.0,0.0,0.0,5
2227,338687.2,0.9960000000000001,0.0,0.0,0.0,5
2228,338825.0,0.9960000000000001,0.0,0.0,0.0,5
2229,338966.4,0.9960000000000001,0.0,0.0,0.0,5
2230,339109.4,0.9960000000000001,0.0,0.0,0.0,5
2231,339254.0,0.9960000000000001,0.0,0.0,0.0,5
2232,339389.0,0.9960000000000001,0.0,0.0,0.0,5
2233,339534.0,0.9960000000000001,0.0,0.0,0.0,5
2234,339681.0,0.9960000000000001,0.0,0.0,0.0,5
2235,339831.2,0.9960000000000001,0.0,0.0,0.0,5
2236,339985.2,0.9960000000000001,0.0,0.0,0.0,5
2237,340131.0,0.9960000000000001,0.0,0.0,0.0,5
2238,340278.2,0.9960000000000001,0.0,0.0,0.0,5
2239,340420.2,0.9960000000000001,0.0,0.0,0.0,5
2240,340562.6,1.0,0.0,0.0,0.0,5
2241,340709.6,1.0,0.0,0.0,0.0,5
2242,340848.8,1.0,0.0,0.0,0.0,5
2243,340995.0,1.0,0.0,0.0,0.0,5
2244,341140.6,1.0,0.0,0.0,0.0,5
2245,341286.4,1.0,0.0,0.0,0.0,5
2246,341439.6,1.0,0.0,0.0,0.0,5
2247,341595.2,1.0,0.0,0.0,0.0,5
2248,341741.0,1.0,0.0,0.0,0.0,5
2249,341880.4,1.0,0.0,0.0,0.0,5
2250,342019.8,1.0,0.0,0.0,0.0,5
2251,342165.6,1.0,0.0,0.0,0.0,5
2252,342306.4,1.0,0.0,0.0,0.0,5
2253,342455.2,1.0,0.0,0.0,0.0,5
2254,342609.4,1.0,0.0,0.0,0.0,5
2255,342753.8,1.0,0.0,0.0,0.0,5
2256,342888.2,1.0,0.0,0.0,0.0,5
2257,343042.0,1.0,0.0,0.0,0.0,5
2258,343220.2,1.0,0.0,0.0,0.0,5
2259,343406.2,1.0,0.0,0.0,0.0,5
2260,343579.8,1.0,0.0,0.0,0.0,5
2261,343759.4,1.0,0.0,0.0,0.0,5
2262,343905.0,1.0,0.0,0.0,0.0,5
2263,344051.4,1.0,0.0,0.0,0.0,5
2264,344212.0,1.0,0.0,0.0,0.0,5
2265,344376.8,1.0,0.0,0.0,0.0,5
2266,344527.0,1.0,0.0,0.0,0.0,5
2267,344698.4,1.0,0.0,0.0,0.0,5
2268,344847.0,0.9960000000000001,0.0,0.0,0.0,5
2269,344990.2,0.9960000000000001,0.0,0.0,0.0,5
2270,345134.8,0.9960000000000001,0.0,0.0,0.0,5
2271,345270.0,0.9960000000000001,0.0,0.0,0.0,5
2272,345425.6,0.9960000000000001,0.0,0.0,0.0,5
2273,345585.6,0.9960000000000001,0.0,0.0,0.0,5
2274,345729.0,0.9960000000000001,0.0,0.0,0.0,5
2275,345882.2,0.9960000000000001,0.0,0.0,0.0,5
2276,346038.0,0.9960000000000001,0.0,0.0,0.0,5
2277,346195.2,0.9960000000000001,0.0,0.0,0.0,5
2278,346374.8,0.9960000000000001,0.0,0.0,0.0,5
2279,346535.8,0.9960000000000001,0.0,0.0,0.0,5
2280,346686.2,0.9960000000000001,0.0,0.0,0.0,5
2281,346835.4,0.9960000000000001,0.0,0.0,0.0,5
2282,346977.2,0.9960000000000001,0.0,0.0,0.0,5
2283,347127.4,0.9960000000000001,0.0,0.0,0.0,5
2284,347266.0,0.9960000000000001,0.0,0.0,0.0,5
2285,347419.8,0.9960000000000001,0.0,0.0,0.0,5
2286,347569.8,0.9960000000000001,0.0,0.0,0.0,5
2287,347714.2,0.9960000000000001,0.0,0.0,0.0,5
2288,347853.6,0.9960000000000001,0.0,0.0,0.0,5
2289,347995.2,0.9960000000000001,0.0,0.0,0.0,5
2290,348131.6,0.9960000000000001,0.0,0.0,0.0,5
2291,348267.4,0.9960000000000001,0.0,0.0,0.0,5
2292,348403.2,0.9960000000000001,0.0,0.0,0.0,5
2293,348551.2,0.9960000000000001,0.0,0.0,0.0,5
2294,348696.0,0.9960000000000001,0.0,0.0,0.0,5
2295,348845.8,0.9960000000000001,0.0,0.0,0.0,5
2296,348984.8,0.9960000000000001,0.0,0.0,0.0,5
2297,349121.4,0.9960000000000001,0.0,0.0,0.0,5
2298,349257.6,0.9960000000000001,0.0,0.0,0.0,5
2299,349426.0,0.9960000000000001,0.0,0.0,0.0,5
2300,349581.6,0.9960000000000001,0.0,0.0,0.0,5
2301,349730.8,0.9960000000000001,0.0,0.0,0.0,5
2302,349870.8,0.9960000000000001,0.0,0.0,0.0,5
2303,350011.6,0.9960000000000001,0.0,0.0,0.0,5
2304,350154.0,0.9960000000000001,0.0,0.0,0.0,5
2305,350299.0,0.9960000000000001,0.0,0.0,0.0,5
2306,350446.0,0.9960000000000001,0.0,0.0,0.0,5
2307,350598.4,0.9960000000000001,0.0,0.0,0.0,5
2308,350743.2,0.9960000000000001,0.0,0.0,0.0,5
2309,350889.6,0.9960000000000001,0.0,0.0,0.0,5
2310,351031.0,0.9960000000000001,0.0,0.0,0.0,5
2311,351171.8,0.9960000000000001,0.0,0.0,0.0,5
2312,351320.0,0.9960000000000001,0.0,0.0,0.0,5
2313,351470.2,0.9960000000000001,0.0,0.0,0.0,5
2314,351625.4,0.9960000000000001,0.0,0.0,0.0,5
2315,351783.4,0.9960000000000001,0.0,0.0,0.0,5
2316,351937.8,0.9960000000000001,0.0,0.0,0.0,5
2317,352086.0,0.9960000000000001,0.0,0.0,0.0,5
2318,352227.8,1.0,0.0,0.0,0.0,5
2319,352368.4,1.0,0.0,0.0,0.0,5
2320,352514.8,1.0,0.0,0.0,0.0,5
2321,352653.8,1.0,0.0,0.0,0.0,5
2322,352793.4,1.0,0.0,0.0,0.0,5
2323,352933.2,1.0,0.0,0.0,0.0,5
2324,353072.2,1.0,0.0,0.0,0.0,5
2325,353212.2,1.0,0.0,0.0,0.0,5
2326,353352.8,1.0,0.0,0.0,0.0,5
2327,353495.6,1.0,0.0,0.0,0.0,5
2328,353647.4,1.0,0.0,0.0,0.0,5
2329,353790.0,1.0,0.0,0.0,0.0,5
2330,353950.4,1.0,0.0,0.0,0.0,5
2331,354097.6,1.0,0.0,0.0,0.0,5
2332,354250.8,1.0,0.0,0.0,0.0,5
2333,354417.8,1.0,0.0,0.0,0.0,5
2334,354589.0,1.0,0.0,0.0,0.0,5
2335,354724.4,1.0,0.0,0.0,0.0,5
2336,354867.2,1.0,0.0,0.0,0.0,5
2337,355009.2,1.0,0.0,0.0,0.0,5
2338,355164.8,1.0,0.0,0.0,0.0,5
2339,355307.8,1.0,0.0,0.0,0.0,5
2340,355454.0,1.0,0.0,0.0,0.0,5
2341,355587.8,1.0,0.0,0.0,0.0,5
2342,355739.0,1.0,0.0,0.0,0.0,5
2343,355885.0,1.0,0.0,0.0,0.0,5
2344,356025.0,1.0,0.0,0.0,0.0,5
2345,356162.2,1.0,0.0,0.0,0.0,5
2346,356297.8,1.0,0.0,0.0,0.0,5
2347,356434.2,1.0,0.0,0.0,0.0,5
2348,356576.0,1.0,0.0,0.0,0.0,5
2349,356716.0,1.0,0.0,0.0,0.0,5
2350,356858.0,1.0,0.0,0.0,0.0,5
2351,357008.0,1.0,0.0,0.0,0.0,5
2352,357154.2,1.0,0.0,0.0,0.0,5
2353,357300.8,1.0,0.0,0.0,0.0,5
2354,357440.0,1.0,0.0,0.0,0.0,5
2355,357591.2,1.0,0.0,0.0,0.0,5
2356,357735.8,1.0,0.0,0.0,0.0,5
2357,357879.6,1.0,0.0,0.0,0.0,5
2358,358033.6,1.0,0.0,0.0,0.0,5
2359,358170.8,1.0,0.0,0.0,0.0,5
2360,358319.8,1.0,0.0,0.0,0.0,5
2361,358466.2,1.0,0.0,0.0,0.0,5
2362,358610.6,1.0,0.0,0.0,0.0,5
2363,358750.6,1.0,0.0,0.0,0.0,5
2364,358890.8,1.0,0.0,0.0,0.0,5
2365,359036.4,1.0,0.0,0.0,0.0,5
2366,359182.8,1.0,0.0,0.0,0.0,5
2367,359334.8,1.0,0.0,0.0,0.0,5
2368,359484.6,1.0,0.0,0.0,0.0,5
2369,359622.0,1.0,0.0,0.0,0.0,5
2370,359768.8,1.0,0.0,0.0,0.0,5
2371,359916.2,1.0,0.0,0.0,0.0,5
2372,360059.4,1.0,0.0,0.0,0.0,5
2373,360207.4,1.0,0.0,0.0,0.0,5
2374,360354.4,1.0,0.0,0.0,0.0,5
2375,360507.4,1.0,0.0,0.0,0.0,5
2376,360653.8,1.0,0.0,0.0,0.0,5
2377,360810.8,1.0,0.0,0.0,0.0,5
2378,360948.2,1.0,0.0,0.0,0.0,5
2379,361096.0,1.0,0.0,0.0,0.0,5
2380,361238.6,1.0,0.0,0.0,0.0,5
2381,361388.8,1.0,0.0,0.0,0.0,5
2382,361529.2,1.0,0.0,0.0,0.0,5
2383,361677.8,1.0,0.0,0.0,0.0,5
2384,361828.0,1.0,0.0,0.0,0.0,5
2385,361980.4,1.0,0.0,0.0,0.0,5
2386,362136.0,1.0,0.0,0.0,0.0,5
2387,362297.4,1.0,0.0,0.0,0.0,5
2388,362440.8,1.0,0.0,0.0,0.0,5
2389,362590.4,1.0,0.0,0.0,0.0,5
2390,362744.4,1.0,0.0,0.0,0.0,5
2391,362896.6,1.0,0.0,0.0,0.0,5
2392,363054.8,1.0,0.0,0.0,0.0,5
2393,363203.0,1.0,0.0,0.0,0.0,5
2394,363348.0,1.0,0.0,0.0,0.0,5
2395,363493.6,1.0,0.0,0.0,0.0,5
2396,363649.8,1.0,0.0,0.0,0.0,5
2397,363795.6,1.0,0.0,0.0,0.0,5
2398,363945.8,1.0,0.0,0.0,0.0,5
2399,364091.6,1.0,0.0,0.0,0.0,5
2400,364248.4,1.0,0.0,0.0,0.0,5
2401,364405.0,1.0,0.0,0.0,0.0,5
2402,364552.2,1.0,0.0,0.0,0.0,5
2403,364694.4,1.0,0.0,0.0,0.0,5
2404,364835.8,1.0,0.0,0.0,0.0,5
2405,364981.2,1.0,0.0,0.0,0.0,5
2406,365124.6,1.0,0.0,0.0,0.0,5
2407,365262.0,1.0,0.0,0.0,0.0,5
2408,365409.4,1.0,0.0,0.0,0.0,5
2409,365557.8,1.0,0.0,0.0,0.0,5
2410,365726.2,1.0,0.0,0.0,0.0,5
2411,365875.6,1.0,0.0,0.0,0.0,5
2412,366011.2,1.0,0.0,0.0,0.0,5
2413,366146.0,1.0,0.0,0.0,0.0,5
2414,366284.2,1.0,0.0,0.0,0.0,5
2415,366423.0,1.0,0.0,0.0,0.0,5
2416,366558.8,1.0,0.0,0.0,0.0,5
2417,366700.0,1.0,0.0,0.0,0.0,5
2418,366841.0,1.0,0.0,0.0,0.0,5
2419,366977.2,1.0,0.0,0.0,0.0,5
2420,367122.6,1.0,0.0,0.0,0.0,5
2421,367263.2,1.0,0.0,0.0,0.0,5
2422,367404.2,1.0,0.0,0.0,0.0,5
2423,367546.0,1.0,0.0,0.0,0.0,5
2424,367694.4,1.0,0.0,0.0,0.0,5
2425,367837.2,1.0,0.0,0.0,0.0,5
2426,367977.2,1.0,0.0,0.0,0.0,5
2427,368127.0,1.0,0.0,0.0,0.0,5
2428,368279.0,1.0,0.0,0.0,0.0,5
2429,368418.4,1.0,0.0,0.0,0.0,5
2430,368560.8,1.0,0.0,0.0,0.0,5
2431,368705.2,1.0,0.0,0.0,0.0,5
2432,368849.0,1.0,0.0,0.0,0.0,5
2433,368991.0,1.0,0.0,0.0,0.0,5
2434,369139.0,1.0,0.0,0.0,0.0,5
2435,369285.4,1.0,0.0,0.0,0.0,5
2436,369434.4,1.0,0.0,0.0,0.0,5
2437,369576.0,1.0,0.0,0.0,0.0,5
2438,369714.6,1.0,0.0,0.0,0.0,5
2439,369864.2,1.0,0.0,0.0,0.0,5
2440,370015.4,1.0,0.0,0.0,0.0,5
2441,370159.8,1.0,0.0,0.0,0.0,5
2442,370302.2,1.0,0.0,0.0,0.0,5
2443,370448.2,1.0,0.0,0.0,0.0,5
2444,370594.8,1.0,0.0,0.0,0.0,5
2445,370740.0,1.0,0.0,0.0,0.0,5
2446,370884.4,1.0,0.0,0.0,0.0,5
2447,371035.8,1.0,0.0,0.0,0.0,5
2448,371183.6,1.0,0.0,0.0,0.0,5
2449,371325.0,1.0,0.0,0.0,0.0,5
2450,371469.2,1.0,0.0,0.0,0.0,5
2451,371608.4,1.0,0.0,0.0,0.0,5
2452,371754.8,1.0,0.0,0.0,0.0,5
2453,371907.4,1.0,0.0,0.0,0.0,5
2454,372046.4,1.0,0.0,0.0,0.0,5
2455,372180.8,1.0,0.0,0.0,0.0,5
2456,372324.6,1.0,0.0,0.0,0.0,5
2457,372465.2,1.0,0.0,0.0,0.0,5
2458,372610.8,1.0,0.0,0.0,0.0,5
2459,372750.4,1.0,0.0,0.0,0.0,5
2460,372896.4,1.0,0.0,0.0,0.0,5
2461,373042.4,1.0,0.0,0.0,0.0,5
2462,373187.0,1.0,0.0,0.0,0.0,5
2463,373326.6,1.0,0.0,0.0,0.0,5
2464,373470.0,1.0,0.0,0.0,0.0,5
2465,373609.2,1.0,0.0,0.0,0.0,5
2466,373746.4,1.0,0.0,0.0,0.0,5
2467,373889.0,1.0,0.0,0.0,0.0,5
2468,374031.0,1.0,0.0,0.0,0.0,5
2469,374168.2,1.0,0.0,0.0,0.0,5
2470,374307.0,1.0,0.0,0.0,0.0,5
2471,374441.4,1.0,0.0,0.0,0.0,5
2472,374593.4,1.0,0.0,0.0,0.0,5
2473,374739.2,1.0,0.0,0.0,0.0,5
2474,374881.8,1.0,0.0,0.0,0.0,5
2475,375020.0,1.0,0.0,0.0,0.0,5
2476,375152.8,1.0,0.0,0.0,0.0,5
2477,375291.8,1.0,0.0,0.0,0.0,5
2478,375443.6,1.0,0.0,0.0,0.0,5
2479,375587.6,1.0,0.0,0.0,0.0,5
2480,375724.8,1.0,0.0,0.0,0.0,5
2481,375864.6,1.0,0.0,0.0,0.0,5
2482,376005.4,1.0,0.0,0.0,0.0,5
2483,376145.0,1.0,0.0,0.0,0.0,5
2484,376283.6,1.0,0.0,0.0,0.0,5
2485,376422.8,1.0,0.0,0.0,0.0,5
2486,376563.8,1.0,0.0,0.0,0.0,5
2487,376698.8,1.0,0.0,0.0,0.0,5
2488,376838.4,1.0,0.0,0.0,0.0,5
2489,376981.2,1.0,0.0,0.0,0.0,5
2490,377131.2,1.0,0.0,0.0,0.0,5
2491,377273.8,1.0,0.0,0.0,0.0,5
2492,377416.4,1.0,0.0,0.0,0.0,5
2493,377558.8,1.0,0.0,0.0,0.0,5
2494,377701.4,1.0,0.0,0.0,0.0,5
2495,377847.6,1.0,0.0,0.0,0.0,5
2496,377990.4,1.0,0.0,0.0,0.0,5
2497,378126.0,1.0,0.0,0.0,0.0,5
2498,378266.0,1.0,0.0,0.0,0.0,5
2499,378407.6,1.0,0.0,0.0,0.0,5
2500,378549.4,1.0,0.0,0.0,0.0,5
2501,378690.0,1.0,0.0,0.0,0.0,5
2502,378829.4,1.0,0.0,0.0,0.0,5
2503,378973.8,1.0,0.0,0.0,0.0,5
2504,379105.8,0.9960000000000001,0.0,0.0,0.0,5
2505,379241.4,0.992,0.0,0.0,0.0,5
2506,379398.4,0.992,0.0,0.0,0.0,5
2507,379538.4,0.992,0.0,0.0,0.0,5
2508,379686.2,0.992,0.0,0.0,0.0,5
2509,379833.6,0.9879999999999999,0.0,0.0,0.0,5
2510,379989.8,0.9879999999999999,0.0,0.0,0.0,5
2511,380159.4,0.9879999999999999,0.0,0.0,0.0,5
2512,380304.2,0.984,0.0,0.0,0.0,5
2513,380470.4,0.984,0.0,0.0,0.0,5
2514,380614.8,0.984,0.0,0.0,0.0,5
2515,380732.6,0.9800000000000001,0.0,0.0,0.0,5
2516,380864.8,0.976,0.0,0.0,0.0,5
2517,381007.2,0.976,0.0,0.0,0.0,5
2518,381149.4,0.976,0.0,0.0,0.0,5
2519,381295.0,0.976,0.0,0.0,0.0,5
2520,381432.2,0.976,0.0,0.0,0.0,5
2521,381570.6,0.976,0.0,0.0,0.0,5
2522,381724.0,0.976,0.0,0.0,0.0,5
2523,381884.4,0.976,0.0,0.0,0.0,5
2524,382028.4,0.976,0.0,0.0,0.0,5
2525,382174.0,0.976,0.0,0.0,0.0,5
2526,382317.0,0.976,0.0,0.0,0.0,5
2527,382456.2,0.976,0.0,0.0,0.0,5
2528,382592.2,0.976,0.0,0.0,0.0,5
2529,382723.4,0.9720000000000001,0.0,0.0,0.0,5
2530,382853.0,0.968,0.0,0.0,0.0,5
2531,382994.6,0.968,0.0,0.0,0.0,5
2532,383135.4,0.968,0.0,0.0,0.0,5
2533,383275.0,0.968,0.0,0.0,0.0,5
2534,383413.2,0.968,0.0,0.0,0.0,5
2535,383545.8,0.9640000000000001,0.0,0.0,0.0,5
2536,383693.6,0.9640000000000001,0.0,0.0,0.0,5
2537,383850.4,0.9640000000000001,0.0,0.0,0.0,5
2538,383996.8,0.96,0.0,0.0,0.0,5
2539,384146.4,0.96,0.0,0.0,0.0,5
2540,384291.4,0.96,0.0,0.0,0.0,5
2541,384426.2,0.9560000000000001,0.0,0.0,0.0,5
2542,384579.2,0.9560000000000001,0.0,0.0,0.0,5
2543,384730.4,0.9560000000000001,0.0,0.0,0.0,5
2544,384879.8,0.9560000000000001,0.0,0.0,0.0,5
2545,385014.6,0.952,0.0,0.0,0.0,5
2546,385166.2,0.952,0.0,0.0,0.0,5
2547,385316.8,0.952,0.0,0.0,0.0,5
2548,385456.2,0.952,0.0,0.0,0.0,5
2549,385600.4,0.952,0.0,0.0,0.0,5
2550,385758.4,0.952,0.0,0.0,0.0,5
2551,385980.8,0.9480000000000001,0.0,0.0,0.0,5
2552,386113.2,0.944,0.0,0.0,0.0,5
2553,386245.6,0.9400000000000001,0.0,0.0,0.0,5
2554,386391.6,0.944,0.0,0.0,0.0,5
2555,386515.8,0.944,0.0,0.0,0.0,5
2556,386660.8,0.944,0.0,0.0,0.0,5
2557,386805.0,0.944,0.0,0.0,0.0,5
2558,386952.4,0.944,0.0,0.0,0.0,5
2559,387102.4,0.9480000000000001,0.0,0.0,0.0,5
2560,387242.0,0.944,0.0,0.0,0.0,5
2561,387393.8,0.944,0.0,0.0,0.0,5
2562,387545.4,0.9480000000000001,0.0,0.0,0.0,5
2563,387688.2,0.9480000000000001,0.0,0.0,0.0,5
2564,387838.8,0.9480000000000001,0.0,0.0,0.0,5
2565,387984.8,0.952,0.0,0.0,0.0,5
2566,388129.0,0.9560000000000001,0.0,0.0,0.0,5
2567,388270.0,0.9560000000000001,0.0,0.0,0.0,5
2568,388417.0,0.9560000000000001,0.0,0.0,0.0,5
2569,388569.6,0.9560000000000001,0.0,0.0,0.0,5
2570,388716.2,0.9560000000000001,0.0,0.0,0.0,5
2571,388859.2,0.9560000000000001,0.0,0.0,0.0,5
2572,388998.4,0.9560000000000001,0.0,0.0,0.0,5
2573,389138.8,0.9560000000000001,0.0,0.0,0.0,5
2574,389288.0,0.9560000000000001,0.0,0.0,0.0,5
2575,389438.2,0.9560000000000001,0.0,0.0,0.0,5
2576,389580.6,0.9560000000000001,0.0,0.0,0.0,5
2577,389726.2,0.9560000000000001,0.0,0.0,0.0,5
2578,389868.0,0.9560000000000001,0.0,0.0,0.0,5
2579,390007.0,0.96,0.0,0.0,0.0,5
2580,390147.2,0.9640000000000001,0.0,0.0,0.0,5
2581,390293.4,0.9640000000000001,0.0,0.0,0.0,5
2582,390439.8,0.9640000000000001,0.0,0.0,0.0,5
2583,390579.6,0.9640000000000001,0.0,0.0,0.0,5
2584,390715.0,0.9640000000000001,0.0,0.0,0.0,5
2585,390856.0,0.968,0.0,0.0,0.0,5
2586,391006.6,0.968,0.0,0.0,0.0,5
2587,391144.4,0.968,0.0,0.0,0.0,5
2588,391278.2,0.9720000000000001,0.0,0.0,0.0,5
2589,391415.4,0.9720000000000001,0.0,0.0,0.0,5
2590,391558.6,0.9720000000000001,0.0,0.0,0.0,5
2591,391685.6,0.9720000000000001,0.0,0.0,0.0,5
2592,391829.8,0.9720000000000001,0.0,0.0,0.0,5
2593,391975.8,0.9720000000000001,0.0,0.0,0.0,5
2594,392129.4,0.9720000000000001,0.0,0.0,0.0,5
2595,392282.0,0.976,0.0,0.0,0.0,5
2596,392419.8,0.976,0.0,0.0,0.0,5
2597,392573.6,0.976,0.0,0.0,0.0,5
2598,392728.8,0.976,0.0,0.0,0.0,5
2599,392889.0,0.976,0.0,0.0,0.0,5
2600,393050.8,0.976,0.0,0.0,0.0,5
2601,393215.8,0.9800000000000001,0.0,0.0,0.0,5
2602,393368.6,0.984,0.0,0.0,0.0,5
2603,393529.8,0.9879999999999999,0.0,0.0,0.0,5
2604,393673.8,0.9879999999999999,0.0,0.0,0.0,5
2605,393830.8,0.992,0.0,0.0,0.0,5
2606,393984.8,0.992,0.0,0.0,0.0,5
2607,394156.2,0.992,0.0,0.0,0.0,5
2608,394318.0,0.992,0.0,0.0,0.0,5
2609,394470.4,0.992,0.0,0.0,0.0,5
2610,394625.8,0.9960000000000001,0.0,0.0,0.0,5
2611,394780.2,0.9960000000000001,0.0,0.0,0.0,5
2612,394931.2,0.9960000000000001,0.0,0.0,0.0,5
2613,395090.4,0.9960000000000001,0.0,0.0,0.0,5
2614,395239.0,0.9960000000000001,0.0,0.0,0.0,5
2615,395391.0,0.9960000000000001,0.0,0.0,0.0,5
2616,395538.0,0.9960000000000001,0.0,0.0,0.0,5
2617,395692.8,0.9960000000000001,0.0,0.0,0.0,5
2618,395837.4,0.9960000000000001,0.0,0.0,0.0,5
2619,395981.2,0.9960000000000001,0.0,0.0,0.0,5
2620,396135.6,0.9960000000000001,0.0,0.0,0.0,5
2621,396261.4,0.992,0.0,0.0,0.0,5
2622,396410.0,0.992,0.0,0.0,0.0,5
2623,396562.8,0.992,0.0,0.0,0.0,5
2624,396720.8,0.992,0.0,0.0,0.0,5
2625,396857.0,0.992,0.0,0.0,0.0,5
2626,397000.0,0.992,0.0,0.0,0.0,5
2627,397142.6,0.992,0.0,0.0,0.0,5
2628,397287.8,0.992,0.0,0.0,0.0,5
2629,397440.8,0.992,0.0,0.0,0.0,5
2630,397592.4,0.992,0.0,0.0,0.0,5
2631,397752.8,0.992,0.0,0.0,0.0,5
2632,397901.4,0.992,0.0,0.0,0.0,5
2633,398041.2,0.9879999999999999,0.0,0.0,0.0,5
2634,398189.0,0.9879999999999999,0.0,0.0,0.0,5
2635,398359.0,0.9879999999999999,0.0,0.0,0.0,5
2636,398517.8,0.9879999999999999,0.0,0.0,0.0,5
2637,398670.4,0.9879999999999999,0.0,0.0,0.0,5
2638,398816.8,0.9879999999999999,0.0,0.0,0.0,5
2639,398966.8,0.9879999999999999,0.0,0.0,0.0,5
2640,399128.6,0.9879999999999999,0.0,0.0,0.0,5
2641,399273.2,0.992,0.0,0.0,0.0,5
2642,399422.0,0.992,0.0,0.0,0.0,5
2643,399570.8,0.992,0.0,0.0,0.0,5
2644,399728.4,0.992,0.0,0.0,0.0,5
2645,399873.2,0.992,0.0,0.0,0.0,5
2646,400011.6,0.992,0.0,0.0,0.0,5
2647,400140.2,0.9879999999999999,0.0,0.0,0.0,5
2648,400283.8,0.9879999999999999,0.0,0.0,0.0,5
2649,400411.0,0.984,0.0,0.0,0.0,5
2650,400549.2,0.984,0.0,0.0,0.0,5
2651,400694.8,0.984,0.0,0.0,0.0,5
2652,400828.0,0.984,0.0,0.0,0.0,5
2653,400971.4,0.984,0.0,0.0,0.0,5
2654,401109.8,0.984,0.0,0.0,0.0,5
2655,401247.0,0.984,0.0,0.0,0.0,5
2656,401393.6,0.984,0.0,0.0,0.0,5
2657,401530.0,0.984,0.0,0.0,0.0,5
2658,401666.4,0.984,0.0,0.0,0.0,5
2659,401804.0,0.984,0.0,0.0,0.0,5
2660,401944.0,0.984,0.0,0.0,0.0,5
2661,402079.6,0.984,0.0,0.0,0.0,5
2662,402223.0,0.984,0.0,0.0,0.0,5
2663,402359.4,0.984,0.0,0.0,0.0,5
2664,402486.6,0.9800000000000001,0.0,0.0,0.0,5
2665,402634.0,0.9800000000000001,0.0,0.0,0.0,5
2666,402781.2,0.9800000000000001,0.0,0.0,0.0,5
2667,402907.6,0.976,0.0,0.0,0.0,5
2668,403047.6,0.976,0.0,0.0,0.0,5
2669,403195.8,0.976,0.0,0.0,0.0,5
2670,403369.0,0.976,0.0,0.0,0.0,5
2671,403533.6,0.9800000000000001,0.0,0.0,0.0,5
2672,403680.6,0.9800000000000001,0.0,0.0,0.0,5
2673,403827.0,0.9800000000000001,0.0,0.0,0.0,5
2674,403972.2,0.9800000000000001,0.0,0.0,0.0,5
2675,404138.6,0.9800000000000001,0.0,0.0,0.0,5
2676,404278.4,0.9800000000000001,0.0,0.0,0.0,5
2677,404418.6,0.976,0.0,0.0,0.0,5
2678,404540.0,0.9720000000000001,0.0,0.0,0.0,5
2679,404690.2,0.9720000000000001,0.0,0.0,0.0,5
2680,404833.8,0.9720000000000001,0.0,0.0,0.0,5
2681,404982.8,0.9720000000000001,0.0,0.0,0.0,5
2682,405127.2,0.9720000000000001,0.0,0.0,0.0,5
2683,405298.4,0.976,0.0,0.0,0.0,5
2684,405445.6,0.976,0.0,0.0,0.0,5
2685,405590.4,0.976,0.0,0.0,0.0,5
2686,405740.2,0.976,0.0,0.0,0.0,5
2687,405887.2,0.976,0.0,0.0,0.0,5
2688,406033.4,0.976,0.0,0.0,0.0,5
2689,406175.2,0.976,0.0,0.0,0.0,5
2690,406315.2,0.976,0.0,0.0,0.0,5
2691,406475.2,0.976,0.0,0.0,0.0,5
2692,406604.0,0.9720000000000001,0.0,0.0,0.0,5
2693,406732.8,0.968,0.0,0.0,0.0,5
2694,406884.0,0.968,0.0,0.0,0.0,5
2695,407029.4,0.968,0.0,0.0,0.0,5
2696,407175.0,0.968,0.0,0.0,0.0,5
2697,407319.6,0.9720000000000001,0.0,0.0,0.0,5
2698,407470.2,0.9720000000000001,0.0,0.0,0.0,5
2699,407614.4,0.976,0.0,0.0,0.0,5
2700,407747.6,0.9720000000000001,0.0,0.0,0.0,5
2701,407883.8,0.9720000000000001,0.0,0.0,0.0,5
2702,408025.2,0.9720000000000001,0.0,0.0,0.0,5
2703,408164.0,0.9720000000000001,0.0,0.0,0.0,5
2704,408299.4,0.968,0.0,0.0,0.0,5
2705,408428.4,0.9640000000000001,0.0,0.0,0.0,5
2706,408574.6,0.9640000000000001,0.0,0.0,0.0,5
2707,408716.2,0.9640000000000001,0.0,0.0,0.0,5
2708,408865.6,0.9640000000000001,0.0,0.0,0.0,5
2709,409021.0,0.9640000000000001,0.0,0.0,0.0,5
2710,409166.0,0.9640000000000001,0.0,0.0,0.0,5
2711,409313.6,0.9640000000000001,0.0,0.0,0.0,5
2712,409456.6,0.9640000000000001,0.0,0.0,0.0,5
2713,409597.4,0.9640000000000001,0.0,0.0,0.0,5
2714,409747.0,0.968,0.0,0.0,0.0,5
2715,409900.4,0.968,0.0,0.0,0.0,5
2716,410047.6,0.9640000000000001,0.0,0.0,0.0,5
2717,410211.0,0.968,0.0,0.0,0.0,5
2718,410348.8,0.9640000000000001,0.0,0.0,0.0,5
2719,410496.4,0.9640000000000001,0.0,0.0,0.0,5
2720,410637.8,0.96,0.0,0.0,0.0,5
2721,410789.6,0.96,0.0,0.0,0.0,5
2722,410932.8,0.96,0.0,0.0,0.0,5
2723,411082.4,0.96,0.0,0.0,0.0,5
2724,411229.8,0.96,0.0,0.0,0.0,5
2725,411358.8,0.9560000000000001,0.0,0.0,0.0,5
2726,411498.2,0.952,0.0,0.0,0.0,5
2727,411641.2,0.9560000000000001,0.0,0.0,0.0,5
2728,411789.2,0.96,0.0,0.0,0.0,5
2729,411921.2,0.9560000000000001,0.0,0.0,0.0,5
2730,412072.6,0.9560000000000001,0.0,0.0,0.0,5
2731,412210.2,0.952,0.0,0.0,0.0,5
2732,412357.4,0.952,0.0,0.0,0.0,5
2733,412502.8,0.952,0.0,0.0,0.0,5
2734,412640.2,0.9480000000000001,0.0,0.0,0.0,5
2735,412783.0,0.9480000000000001,0.0,0.0,0.0,5
2736,412911.2,0.944,0.0,0.0,0.0,5
2737,413052.6,0.944,0.0,0.0,0.0,5
2738,413204.0,0.944,0.0,0.0,0.0,5
2739,413356.4,0.944,0.0,0.0,0.0,5
2740,413506.0,0.944,0.0,0.0,0.0,5
2741,413640.0,0.9400000000000001,0.0,0.0,0.0,5
2742,413785.8,0.944,0.0,0.0,0.0,5
2743,413933.4,0.9480000000000001,0.0,0.0,0.0,5
2744,414076.8,0.944,0.0,0.0,0.0,5
2745,414230.0,0.944,0.0,0.0,0.0,5
2746,414384.4,0.9400000000000001,0.0,0.0,0.0,5
2747,414531.4,0.9400000000000001,0.0,0.0,0.0,5
2748,414663.4,0.9359999999999999,0.0,0.0,0.0,5
2749,414809.0,0.9359999999999999,0.0,0.0,0.0,5
2750,414948.8,0.9400000000000001,0.0,0.0,0.0,5
2751,415096.6,0.9400000000000001,0.0,0.0,0.0,5
2752,415234.6,0.9359999999999999,0.0,0.0,0.0,5
2753,415372.0,0.932,0.0,0.0,0.0,5
2754,415515.6,0.9359999999999999,0.0,0.0,0.0,5
2755,415658.6,0.9359999999999999,0.0,0.0,0.0,5
2756,415804.6,0.9359999999999999,0.0,0.0,0.0,5
2757,415944.8,0.932,0.0,0.0,0.0,5
2758,416091.6,0.932,0.0,0.0,0.0,5
2759,416222.2,0.9279999999999999,0.0,0.0,0.0,5
2760,416352.4,0.924,0.0,0.0,0.0,5
2761,416490.6,0.924,0.0,0.0,0.0,5
2762,416635.0,0.924,0.0,0.0,0.0,5
2763,416782.4,0.924,0.0,0.0,0.0,5
2764,416925.8,0.924,0.0,0.0,0.0,5
2765,417054.0,0.9199999999999999,0.0,0.0,0.0,5
2766,417201.6,0.924,0.0,0.0,0.0,5
2767,417323.8,0.9199999999999999,0.0,0.0,0.0,5
2768,417459.4,0.924,0.0,0.0,0.0,5
2769,417590.8,0.9199999999999999,0.0,0.0,0.0,5
2770,397130.75,0.905,0.0,0.0,0.0,4
2771,397252.75,0.9,0.0,0.0,0.0,4
2772,397383.75,0.9,0.0,0.0,0.0,4
2773,397509.75,0.895,0.0,0.0,0.0,4
2774,397644.0,0.895,0.0,0.0,0.0,4
2775,397766.0,0.895,0.0,0.0,0.0,4
2776,397905.5,0.9,0.0,0.0,0.0,4
2777,398033.25,0.895,0.0,0.0,0.0,4
2778,398172.25,0.895,0.0,0.0,0.0,4
2779,398298.25,0.895,0.0,0.0,0.0,4
2780,398419.5,0.89,0.0,0.0,0.0,4
2781,398549.25,0.89,0.0,0.0,0.0,4
2782,398697.5,0.89,0.0,0.0,0.0,4
2783,398827.5,0.885,0.0,0.0,0.0,4
2784,398956.25,0.885,0.0,0.0,0.0,4
2785,399090.0,0.88,0.0,0.0,0.0,4
2786,399225.0,0.88,0.0,0.0,0.0,4
2787,399369.5,0.88,0.0,0.0,0.0,4
2788,399495.75,0.875,0.0,0.0,0.0,4
2789,399639.0,0.875,0.0,0.0,0.0,4
2790,399768.5,0.87,0.0,0.0,0.0,4
2791,399902.5,0.87,0.0,0.0,0.0,4
2792,400036.0,0.87,0.0,0.0,0.0,4
2793,400173.25,0.87,0.0,0.0,0.0,4
2794,400308.0,0.87,0.0,0.0,0.0,4
2795,400451.0,0.87,0.0,0.0,0.0,4
2796,400579.5,0.87,0.0,0.0,0.0,4
2797,400717.75,0.87,0.0,0.0,0.0,4
2798,400849.75,0.87,0.0,0.0,0.0,4
2799,400987.25,0.87,0.0,0.0,0.0,4
2800,401106.0,0.865,0.0,0.0,0.0,4
2801,401231.25,0.86,0.0,0.0,0.0,4
2802,401356.75,0.86,0.0,0.0,0.0,4
2803,401486.25,0.86,0.0,0.0,0.0,4
2804,401624.5,0.86,0.0,0.0,0.0,4
2805,401752.5,0.86,0.0,0.0,0.0,4
2806,401883.25,0.855,0.0,0.0,0.0,4
2807,402014.0,0.855,0.0,0.0,0.0,4
2808,402146.5,0.855,0.0,0.0,0.0,4
2809,402276.25,0.855,0.0,0.0,0.0,4
2810,402405.25,0.855,0.0,0.0,0.0,4
2811,402581.5,0.845,0.0,0.0,0.0,4
2812,402708.0,0.84,0.0,0.0,0.0,4
2813,402856.5,0.84,0.0,0.0,0.0,4
2814,402981.5,0.835,0.0,0.0,0.0,4
2815,403111.75,0.835,0.0,0.0,0.0,4
2816,403237.5,0.83,0.0,0.0,0.0,4
2817,403376.5,0.835,0.0,0.0,0.0,4
2818,403518.75,0.835,0.0,0.0,0.0,4
2819,403660.0,0.835,0.0,0.0,0.0,4
2820,403784.25,0.83,0.0,0.0,0.0,4
2821,403910.25,0.83,0.0,0.0,0.0,4
2822,404047.0,0.83,0.0,0.0,0.0,4
2823,404177.5,0.83,0.0,0.0,0.0,4
2824,404316.25,0.825,0.0,0.0,0.0,4
2825,404439.75,0.825,0.0,0.0,0.0,4
2826,404569.0,0.82,0.0,0.0,0.0,4
2827,404696.75,0.82,0.0,0.0,0.0,4
2828,404822.75,0.815,0.0,0.0,0.0,4
2829,404955.75,0.815,0.0,0.0,0.0,4
2830,405088.0,0.815,0.0,0.0,0.0,4
2831,405218.25,0.815,0.0,0.0,0.0,4
2832,405344.25,0.81,0.0,0.0,0.0,4
2833,405465.5,0.81,0.0,0.0,0.0,4
2834,405598.75,0.81,0.0,0.0,0.0,4
2835,405725.75,0.81,0.0,0.0,0.0,4
2836,405855.5,0.8049999999999999,0.0,0.0,0.0,4
2837,405985.25,0.8,0.0,0.0,0.0,4
2838,406112.25,0.8,0.0,0.0,0.0,4
2839,406246.25,0.795,0.0,0.0,0.0,4
2840,406380.25,0.795,0.0,0.0,0.0,4
2841,406506.25,0.795,0.0,0.0,0.0,4
2842,406634.75,0.79,0.0,0.0,0.0,4
2843,406764.0,0.785,0.0,0.0,0.0,4
2844,406897.75,0.785,0.0,0.0,0.0,4
2845,407041.25,0.78,0.0,0.0,0.0,4
2846,407170.5,0.78,0.0,0.0,0.0,4
2847,407304.25,0.775,0.0,0.0,0.0,4
2848,407430.0,0.775,0.0,0.0,0.0,4
2849,407555.0,0.77,0.0,0.0,0.0,4
2850,407678.75,0.77,0.0,0.0,0.0,4
2851,407800.0,0.77,0.0,0.0,0.0,4
2852,407919.75,0.77,0.0,0.0,0.0,4
2853,408042.25,0.77,0.0,0.0,0.0,4
2854,408166.75,0.765,0.0,0.0,0.0,4
2855,408290.5,0.765,0.0,0.0,0.0,4
2856,408434.75,0.77,0.0,0.0,0.0,4
2857,408561.25,0.77,0.0,0.0,0.0,4
2858,408681.75,0.765,0.0,0.0,0.0,4
2859,408808.0,0.765,0.0,0.0,0.0,4
2860,408930.0,0.765,0.0,0.0,0.0,4
2861,409055.75,0.77,0.0,0.0,0.0,4
2862,409175.25,0.77,0.0,0.0,0.0,4
2863,409294.5,0.765,0.0,0.0,0.0,4
2864,409417.25,0.765,0.0,0.0,0.0,4
2865,409539.5,0.765,0.0,0.0,0.0,4
2866,409664.25,0.765,0.0,0.0,0.0,4
2867,409780.5,0.76,0.0,0.0,0.0,4
2868,409902.25,0.755,0.0,0.0,0.0,4
2869,410018.75,0.755,0.0,0.0,0.0,4
2870,410137.5,0.755,0.0,0.0,0.0,4
2871,410272.5,0.755,0.0,0.0,0.0,4
2872,410419.5,0.75,0.0,0.0,0.0,4
2873,410565.5,0.75,0.0,0.0,0.0,4
2874,410701.75,0.75,0.0,0.0,0.0,4
2875,410830.75,0.75,0.0,0.0,0.0,4
2876,410958.75,0.75,0.0,0.0,0.0,4
2877,411073.0,0.75,0.0,0.0,0.0,4
2878,411190.0,0.75,0.0,0.0,0.0,4
2879,411302.75,0.75,0.0,0.0,0.0,4
2880,411422.0,0.75,0.0,0.0,0.0,4
2881,411547.75,0.75,0.0,0.0,0.0,4
2882,411664.75,0.75,0.0,0.0,0.0,4
2883,411784.25,0.75,0.0,0.0,0.0,4
2884,411908.75,0.75,0.0,0.0,0.0,4
2885,412028.5,0.75,0.0,0.0,0.0,4
2886,412148.75,0.755,0.0,0.0,0.0,4
2887,412274.25,0.755,0.0,0.0,0.0,4
2888,412412.5,0.755,0.0,0.0,0.0,4
2889,412540.5,0.755,0.0,0.0,0.0,4
2890,412663.25,0.755,0.0,0.0,0.0,4
2891,412782.5,0.755,0.0,0.0,0.0,4
2892,412903.75,0.755,0.0,0.0,0.0,4
2893,413023.75,0.755,0.0,0.0,0.0,4
2894,413143.5,0.755,0.0,0.0,0.0,4
2895,413268.25,0.755,0.0,0.0,0.0,4
2896,413389.5,0.755,0.0,0.0,0.0,4
2897,413510.0,0.755,0.0,0.0,0.0,4
2898,413632.0,0.755,0.0,0.0,0.0,4
2899,413748.0,0.755,0.0,0.0,0.0,4
2900,413865.0,0.755,0.0,0.0,0.0,4
2901,413985.25,0.755,0.0,0.0,0.0,4
2902,414106.25,0.755,0.0,0.0,0.0,4
2903,414225.5,0.755,0.0,0.0,0.0,4
2904,414348.75,0.755,0.0,0.0,0.0,4
2905,414470.25,0.755,0.0,0.0,0.0,4
2906,414598.75,0.75,0.0,0.0,0.0,4
2907,414719.5,0.75,0.0,0.0,0.0,4
2908,414835.25,0.75,0.0,0.0,0.0,4
2909,414948.5,0.75,0.0,0.0,0.0,4
2910,415061.75,0.75,0.0,0.0,0.0,4
2911,415176.0,0.75,0.0,0.0,0.0,4
2912,415299.5,0.75,0.0,0.0,0.0,4
2913,415414.75,0.75,0.0,0.0,0.0,4
2914,415527.5,0.75,0.0,0.0,0.0,4
2915,415640.0,0.75,0.0,0.0,0.0,4
2916,415761.25,0.75,0.0,0.0,0.0,4
2917,415884.75,0.75,0.0,0.0,0.0,4
2918,416002.5,0.75,0.0,0.0,0.0,4
2919,416114.0,0.75,0.0,0.0,0.0,4
2920,416238.25,0.75,0.0,0.0,0.0,4
2921,416350.0,0.75,0.0,0.0,0.0,4
2922,416466.25,0.75,0.0,0.0,0.0,4
2923,416581.5,0.75,0.0,0.0,0.0,4
2924,416699.75,0.75,0.0,0.0,0.0,4
2925,416815.75,0.75,0.0,0.0,0.0,4
2926,416937.0,0.75,0.0,0.0,0.0,4
2927,417068.75,0.755,0.0,0.0,0.0,4
2928,417190.5,0.755,0.0,0.0,0.0,4
2929,417314.5,0.755,0.0,0.0,0.0,4
2930,417430.25,0.755,0.0,0.0,0.0,4
2931,417551.5,0.755,0.0,0.0,0.0,4
2932,417674.5,0.755,0.0,0.0,0.0,4
2933,417799.5,0.755,0.0,0.0,0.0,4
2934,417914.5,0.755,0.0,0.0,0.0,4
2935,418031.75,0.755,0.0,0.0,0.0,4
2936,418147.75,0.755,0.0,0.0,0.0,4
2937,418263.25,0.755,0.0,0.0,0.0,4
2938,418383.5,0.755,0.0,0.0,0.0,4
2939,418497.5,0.755,0.0,0.0,0.0,4
2940,418622.0,0.755,0.0,0.0,0.0,4
2941,418756.0,0.755,0.0,0.0,0.0,4
2942,418883.25,0.755,0.0,0.0,0.0,4
2943,419007.75,0.755,0.0,0.0,0.0,4
2944,419131.75,0.755,0.0,0.0,0.0,4
2945,419260.75,0.755,0.0,0.0,0.0,4
2946,419382.0,0.755,0.0,0.0,0.0,4
2947,419504.75,0.755,0.0,0.0,0.0,4
2948,419620.0,0.755,0.0,0.0,0.0,4
2949,419744.25,0.755,0.0,0.0,0.0,4
2950,419866.75,0.755,0.0,0.0,0.0,4
2951,419981.5,0.755,0.0,0.0,0.0,4
2952,420095.25,0.755,0.0,0.0,0.0,4
2953,420211.0,0.755,0.0,0.0,0.0,4
2954,420338.75,0.755,0.0,0.0,0.0,4
2955,420458.75,0.755,0.0,0.0,0.0,4
2956,420577.75,0.755,0.0,0.0,0.0,4
2957,420697.0,0.755,0.0,0.0,0.0,4
2958,420813.75,0.755,0.0,0.0,0.0,4
2959,420932.0,0.755,0.0,0.0,0.0,4
2960,421045.0,0.755,0.0,0.0,0.0,4
2961,421164.75,0.755,0.0,0.0,0.0,4
2962,421279.75,0.755,0.0,0.0,0.0,4
2963,421395.75,0.755,0.0,0.0,0.0,4
2964,421532.5,0.76,0.0,0.0,0.0,4
2965,421655.25,0.76,0.0,0.0,0.0,4
2966,421775.0,0.76,0.0,0.0,0.0,4
2967,421892.0,0.76,0.0,0.0,0.0,4
2968,422013.0,0.76,0.0,0.0,0.0,4
2969,422131.75,0.76,0.0,0.0,0.0,4
2970,422255.75,0.76,0.0,0.0,0.0,4
2971,422373.0,0.76,0.0,0.0,0.0,4
2972,422492.75,0.76,0.0,0.0,0.0,4
2973,422606.75,0.76,0.0,0.0,0.0,4
2974,422720.5,0.76,0.0,0.0,0.0,4
2975,422837.0,0.76,0.0,0.0,0.0,4
2976,422960.0,0.76,0.0,0.0,0.0,4
2977,423075.0,0.755,0.0,0.0,0.0,4
2978,423197.0,0.755,0.0,0.0,0.0,4
2979,423317.25,0.755,0.0,0.0,0.0,4
2980,423436.5,0.755,0.0,0.0,0.0,4
2981,423553.75,0.755,0.0,0.0,0.0,4
2982,423668.0,0.755,0.0,0.0,0.0,4
2983,423783.5,0.755,0.0,0.0,0.0,4
2984,423900.5,0.755,0.0,0.0,0.0,4
2985,424019.5,0.755,0.0,0.0,0.0,4
2986,424156.75,0.76,0.0,0.0,0.0,4
2987,424276.5,0.76,0.0,0.0,0.0,4
2988,424396.25,0.76,0.0,0.0,0.0,4
2989,424516.0,0.76,0.0,0.0,0.0,4
2990,424634.25,0.76,0.0,0.0,0.0,4
2991,424758.5,0.76,0.0,0.0,0.0,4
2992,424877.5,0.76,0.0,0.0,0.0,4
2993,425000.75,0.76,0.0,0.0,0.0,4
2994,425143.25,0.76,0.0,0.0,0.0,4
2995,425272.0,0.76,0.0,0.0,0.0,4
2996,425410.5,0.76,0.0,0.0,0.0,4
2997,425534.25,0.76,0.0,0.0,0.0,4
2998,425664.5,0.76,0.0,0.0,0.0,4
2999,425796.25,0.76,0.0,0.0,0.0,4
3000,425917.0,0.76,0.0,0.0,0.0,4
3001,426034.25,0.76,0.0,0.0,0.0,4
3002,426151.75,0.76,0.0,0.0,0.0,4
3003,426284.25,0.76,0.0,0.0,0.0,4
3004,426442.0,0.76,0.0,0.0,0.0,4
3005,426575.75,0.76,0.0,0.0,0.0,4
3006,426709.75,0.76,0.0,0.0,0.0,4
3007,426858.0,0.76,0.0,0.0,0.0,4
3008,427004.0,0.76,0.0,0.0,0.0,4
3009,427150.5,0.76,0.0,0.0,0.0,4
3010,427280.5,0.76,0.0,0.0,0.0,4
3011,427401.5,0.76,0.0,0.0,0.0,4
3012,427523.0,0.76,0.0,0.0,0.0,4
3013,427644.0,0.76,0.0,0.0,0.0,4
3014,427774.75,0.755,0.0,0.0,0.0,4
3015,427901.75,0.755,0.0,0.0,0.0,4
3016,428023.0,0.755,0.0,0.0,0.0,4
3017,428136.5,0.755,0.0,0.0,0.0,4
3018,428257.25,0.755,0.0,0.0,0.0,4
3019,428381.25,0.755,0.0,0.0,0.0,4
3020,428489.0,0.755,0.0,0.0,0.0,4
3021,428616.5,0.755,0.0,0.0,0.0,4
3022,428749.25,0.755,0.0,0.0,0.0,4
3023,428878.75,0.755,0.0,0.0,0.0,4
3024,429001.25,0.755,0.0,0.0,0.0,4
3025,429121.0,0.755,0.0,0.0,0.0,4
3026,429242.0,0.755,0.0,0.0,0.0,4
3027,429376.25,0.755,0.0,0.0,0.0,4
3028,429504.0,0.755,0.0,0.0,0.0,4
3029,429634.5,0.755,0.0,0.0,0.0,4
3030,429753.25,0.755,0.0,0.0,0.0,4
3031,429871.25,0.755,0.0,0.0,0.0,4
3032,429988.5,0.755,0.0,0.0,0.0,4
3033,430107.75,0.755,0.0,0.0,0.0,4
3034,430227.5,0.755,0.0,0.0,0.0,4
3035,430356.0,0.755,0.0,0.0,0.0,4
3036,430478.5,0.75,0.0,0.0,0.0,4
3037,430597.75,0.75,0.0,0.0,0.0,4
3038,430713.5,0.75,0.0,0.0,0.0,4
3039,430828.75,0.75,0.0,0.0,0.0,4
3040,430955.75,0.75,0.0,0.0,0.0,4
3041,431079.75,0.75,0.0,0.0,0.0,4
3042,431222.5,0.755,0.0,0.0,0.0,4
3043,431352.5,0.755,0.0,0.0,0.0,4
3044,431474.5,0.755,0.0,0.0,0.0,4
3045,431593.25,0.755,0.0,0.0,0.0,4
3046,431723.75,0.755,0.0,0.0,0.0,4
3047,431884.0,0.755,0.0,0.0,0.0,4
3048,432006.75,0.755,0.0,0.0,0.0,4
3049,432134.0,0.755,0.0,0.0,0.0,4
3050,432255.75,0.755,0.0,0.0,0.0,4
3051,432378.25,0.755,0.0,0.0,0.0,4
3052,432501.0,0.755,0.0,0.0,0.0,4
3053,432621.75,0.755,0.0,0.0,0.0,4
3054,432742.0,0.755,0.0,0.0,0.0,4
3055,432865.75,0.755,0.0,0.0,0.0,4
3056,432995.0,0.755,0.0,0.0,0.0,4
3057,433140.0,0.755,0.0,0.0,0.0,4
3058,433303.75,0.755,0.0,0.0,0.0,4
3059,433430.5,0.755,0.0,0.0,0.0,4
3060,433558.25,0.755,0.0,0.0,0.0,4
3061,433680.0,0.755,0.0,0.0,0.0,4
3062,433815.0,0.755,0.0,0.0,0.0,4
3063,433943.75,0.755,0.0,0.0,0.0,4
3064,434065.75,0.755,0.0,0.0,0.0,4
3065,434219.0,0.755,0.0,0.0,0.0,4
3066,434373.25,0.755,0.0,0.0,0.0,4
3067,434508.5,0.755,0.0,0.0,0.0,4
3068,434635.0,0.755,0.0,0.0,0.0,4
3069,434764.5,0.755,0.0,0.0,0.0,4
3070,434928.0,0.755,0.0,0.0,0.0,4
3071,435100.5,0.755,0.0,0.0,0.0,4
3072,435231.25,0.755,0.0,0.0,0.0,4
3073,435375.75,0.755,0.0,0.0,0.0,4
3074,435500.25,0.755,0.0,0.0,0.0,4
3075,435621.0,0.755,0.0,0.0,0.0,4
3076,435784.5,0.755,0.0,0.0,0.0,4
3077,435911.0,0.755,0.0,0.0,0.0,4
3078,436032.75,0.755,0.0,0.0,0.0,4
3079,436153.5,0.755,0.0,0.0,0.0,4
3080,436278.5,0.755,0.0,0.0,0.0,4
3081,436415.5,0.755,0.0,0.0,0.0,4
3082,436567.0,0.755,0.0,0.0,0.0,4
3083,436703.25,0.755,0.0,0.0,0.0,4
3084,436827.75,0.755,0.0,0.0,0.0,4
3085,436955.75,0.755,0.0,0.0,0.0,4
3086,437074.0,0.755,0.0,0.0,0.0,4
3087,437203.0,0.755,0.0,0.0,0.0,4
3088,437361.25,0.755,0.0,0.0,0.0,4
3089,437489.75,0.755,0.0,0.0,0.0,4
3090,437608.25,0.755,0.0,0.0,0.0,4
3091,437732.25,0.755,0.0,0.0,0.0,4
3092,437848.0,0.75,0.0,0.0,0.0,4
3093,437968.5,0.75,0.0,0.0,0.0,4
3094,438103.75,0.75,0.0,0.0,0.0,4
3095,438238.25,0.75,0.0,0.0,0.0,4
3096,438367.0,0.75,0.0,0.0,0.0,4
3097,438504.75,0.75,0.0,0.0,0.0,4
3098,438648.25,0.75,0.0,0.0,0.0,4
3099,438796.75,0.755,0.0,0.0,0.0,4
3100,438935.25,0.755,0.0,0.0,0.0,4
3101,439078.0,0.755,0.0,0.0,0.0,4
3102,439234.25,0.755,0.0,0.0,0.0,4
3103,439389.25,0.755,0.0,0.0,0.0,4
3104,439519.5,0.755,0.0,0.0,0.0,4
3105,439657.25,0.755,0.0,0.0,0.0,4
3106,439795.75,0.755,0.0,0.0,0.0,4
3107,439928.25,0.755,0.0,0.0,0.0,4
3108,440057.75,0.755,0.0,0.0,0.0,4
3109,440185.5,0.755,0.0,0.0,0.0,4
3110,440321.0,0.76,0.0,0.0,0.0,4
3111,440445.0,0.76,0.0,0.0,0.0,4
3112,440560.25,0.76,0.0,0.0,0.0,4
3113,440674.5,0.76,0.0,0.0,0.0,4
3114,440787.25,0.76,0.0,0.0,0.0,4
3115,440904.25,0.76,0.0,0.0,0.0,4
3116,441018.75,0.76,0.0,0.0,0.0,4
3117,441138.0,0.76,0.0,0.0,0.0,4
3118,441257.5,0.76,0.0,0.0,0.0,4
3119,441375.5,0.76,0.0,0.0,0.0,4
3120,441501.0,0.76,0.0,0.0,0.0,4
3121,441715.25,0.765,0.0,0.0,0.0,4
3122,441843.5,0.765,0.0,0.0,0.0,4
3123,441964.5,0.765,0.0,0.0,0.0,4
3124,442080.5,0.765,0.0,0.0,0.0,4
3125,442205.5,0.765,0.0,0.0,0.0,4
3126,442324.25,0.765,0.0,0.0,0.0,4
3127,442452.25,0.765,0.0,0.0,0.0,4
3128,442605.25,0.765,0.0,0.0,0.0,4
3129,442742.75,0.765,0.0,0.0,0.0,4
3130,442918.75,0.77,0.0,0.0,0.0,4
3131,443059.75,0.77,0.0,0.0,0.0,4
3132,443219.75,0.775,0.0,0.0,0.0,4
3133,443350.75,0.775,0.0,0.0,0.0,4
3134,443478.25,0.775,0.0,0.0,0.0,4
3135,443602.5,0.775,0.0,0.0,0.0,4
3136,443751.75,0.78,0.0,0.0,0.0,4
3137,443896.25,0.785,0.0,0.0,0.0,4
3138,444057.25,0.79,0.0,0.0,0.0,4
3139,444198.25,0.795,0.0,0.0,0.0,4
3140,444337.25,0.8,0.0,0.0,0.0,4
3141,444462.0,0.8,0.0,0.0,0.0,4
3142,444587.25,0.8,0.0,0.0,0.0,4
3143,444731.5,0.805,0.0,0.0,0.0,4
3144,444848.5,0.805,0.0,0.0,0.0,4
3145,444987.5,0.81,0.0,0.0,0.0,4
3146,445115.75,0.81,0.0,0.0,0.0,4
3147,445252.75,0.815,0.0,0.0,0.0,4
3148,445375.5,0.815,0.0,0.0,0.0,4
3149,445499.5,0.81,0.0,0.0,0.0,4
3150,445639.5,0.81,0.0,0.0,0.0,4
3151,445773.0,0.81,0.0,0.0,0.0,4
3152,445898.75,0.81,0.0,0.0,0.0,4
3153,446023.5,0.81,0.0,0.0,0.0,4
3154,446147.75,0.81,0.0,0.0,0.0,4
3155,446263.75,0.81,0.0,0.0,0.0,4
3156,446385.25,0.81,0.0,0.0,0.0,4
3157,446511.0,0.81,0.0,0.0,0.0,4
3158,446636.5,0.81,0.0,0.0,0.0,4
3159,446775.0,0.815,0.0,0.0,0.0,4
3160,446912.25,0.815,0.0,0.0,0.0,4
3161,447034.75,0.815,0.0,0.0,0.0,4
3162,447178.0,0.8200000000000001,0.0,0.0,0.0,4
3163,447291.5,0.8200000000000001,0.0,0.0,0.0,4
3164,447425.75,0.825,0.0,0.0,0.0,4
3165,447543.75,0.825,0.0,0.0,0.0,4
3166,447680.25,0.83,0.0,0.0,0.0,4
3167,447824.0,0.835,0.0,0.0,0.0,4
3168,447957.25,0.84,0.0,0.0,0.0,4
3169,448094.25,0.845,0.0,0.0,0.0,4
3170,448210.25,0.845,0.0,0.0,0.0,4
3171,448336.25,0.84,0.0,0.0,0.0,4
3172,448456.5,0.84,0.0,0.0,0.0,4
3173,448575.5,0.84,0.0,0.0,0.0,4
3174,448700.25,0.84,0.0,0.0,0.0,4
3175,448817.75,0.84,0.0,0.0,0.0,4
3176,448968.25,0.845,0.0,0.0,0.0,4
3177,449101.75,0.845,0.0,0.0,0.0,4
3178,449240.5,0.85,0.0,0.0,0.0,4
3179,449392.75,0.855,0.0,0.0,0.0,4
3180,449549.5,0.855,0.0,0.0,0.0,4
3181,449664.0,0.855,0.0,0.0,0.0,4
3182,449785.75,0.85,0.0,0.0,0.0,4
3183,449906.75,0.85,0.0,0.0,0.0,4
3184,450060.5,0.855,0.0,0.0,0.0,4
3185,450209.0,0.86,0.0,0.0,0.0,4
3186,450364.5,0.86,0.0,0.0,0.0,4
3187,450520.0,0.855,0.0,0.0,0.0,4
3188,450657.75,0.85,0.0,0.0,0.0,4
3189,450759.75,0.845,0.0,0.0,0.0,4
3190,450862.25,0.84,0.0,0.0,0.0,4
3191,450975.75,0.84,0.0,0.0,0.0,4
3192,451096.75,0.84,0.0,0.0,0.0,4
3193,451213.75,0.835,0.0,0.0,0.0,4
3194,451331.25,0.835,0.0,0.0,0.0,4
3195,451436.0,0.83,0.0,0.0,0.0,4
3196,451552.5,0.83,0.0,0.0,0.0,4
3197,451693.5,0.83,0.0,0.0,0.0,4
3198,451832.5,0.835,0.0,0.0,0.0,4
3199,451978.25,0.84,0.0,0.0,0.0,4
3200,452118.5,0.845,0.0,0.0,0.0,4
3201,452251.75,0.85,0.0,0.0,0.0,4
3202,452401.5,0.855,0.0,0.0,0.0,4
3203,452523.0,0.855,0.0,0.0,0.0,4
3204,452662.0,0.86,0.0,0.0,0.0,4
3205,452798.25,0.865,0.0,0.0,0.0,4
3206,452916.5,0.865,0.0,0.0,0.0,4
3207,453067.0,0.87,0.0,0.0,0.0,4
3208,453209.0,0.87,0.0,0.0,0.0,4
3209,453323.75,0.865,0.0,0.0,0.0,4
3210,453446.5,0.86,0.0,0.0,0.0,4
3211,453579.0,0.865,0.0,0.0,0.0,4
3212,453732.25,0.865,0.0,0.0,0.0,4
3213,453889.25,0.87,0.0,0.0,0.0,4
3214,454025.25,0.87,0.0,0.0,0.0,4
3215,454156.25,0.875,0.0,0.0,0.0,4
3216,454298.25,0.875,0.0,0.0,0.0,4
3217,454440.25,0.875,0.0,0.0,0.0,4
3218,454573.25,0.875,0.0,0.0,0.0,4
3219,454711.25,0.875,0.0,0.0,0.0,4
3220,454828.75,0.875,0.0,0.0,0.0,4
3221,454969.25,0.88,0.0,0.0,0.0,4
3222,455116.75,0.885,0.0,0.0,0.0,4
3223,455252.25,0.89,0.0,0.0,0.0,4
3224,455387.0,0.895,0.0,0.0,0.0,4
3225,455521.75,0.9,0.0,0.0,0.0,4
3226,455654.75,0.9,0.0,0.0,0.0,4
3227,455792.0,0.905,0.0,0.0,0.0,4
3228,455926.25,0.905,0.0,0.0,0.0,4
3229,456060.5,0.905,0.0,0.0,0.0,4
3230,456202.25,0.905,0.0,0.0,0.0,4
3231,456336.75,0.91,0.0,0.0,0.0,4
3232,456469.25,0.915,0.0,0.0,0.0,4
3233,456617.5,0.92,0.0,0.0,0.0,4
3234,456758.5,0.92,0.0,0.0,0.0,4
3235,456903.25,0.92,0.0,0.0,0.0,4
3236,457050.5,0.92,0.0,0.0,0.0,4
3237,457184.5,0.925,0.0,0.0,0.0,4
3238,457329.5,0.925,0.0,0.0,0.0,4
3239,457475.75,0.9299999999999999,0.0,0.0,0.0,4
3240,457611.5,0.935,0.0,0.0,0.0,4
3241,457760.25,0.94,0.0,0.0,0.0,4
3242,457901.25,0.9450000000000001,0.0,0.0,0.0,4
3243,458037.75,0.95,0.0,0.0,0.0,4
3244,458175.75,0.955,0.0,0.0,0.0,4
3245,458315.75,0.96,0.0,0.0,0.0,4
3246,458453.75,0.965,0.0,0.0,0.0,4
3247,458590.0,0.965,0.0,0.0,0.0,4
3248,458695.25,0.96,0.0,0.0,0.0,4
3249,458798.5,0.955,0.0,0.0,0.0,4
3250,458906.5,0.95,0.0,0.0,0.0,4
3251,459039.5,0.95,0.0,0.0,0.0,4
3252,459177.5,0.95,0.0,0.0,0.0,4
3253,459315.25,0.955,0.0,0.0,0.0,4
3254,459455.5,0.955,0.0,0.0,0.0,4
3255,459591.0,0.955,0.0,0.0,0.0,4
3256,459734.75,0.96,0.0,0.0,0.0,4
3257,459871.5,0.96,0.0,0.0,0.0,4
3258,460007.0,0.965,0.0,0.0,0.0,4
3259,460145.25,0.97,0.0,0.0,0.0,4
3260,460285.5,0.975,0.0,0.0,0.0,4
3261,460421.5,0.975,0.0,0.0,0.0,4
3262,460553.5,0.975,0.0,0.0,0.0,4
3263,460688.5,0.975,0.0,0.0,0.0,4
3264,460830.5,0.975,0.0,0.0,0.0,4
3265,460971.75,0.975,0.0,0.0,0.0,4
3266,461107.5,0.975,0.0,0.0,0.0,4
3267,461242.0,0.975,0.0,0.0,0.0,4
3268,461378.25,0.975,0.0,0.0,0.0,4
3269,461516.5,0.975,0.0,0.0,0.0,4
3270,461654.25,0.98,0.0,0.0,0.0,4
3271,461791.25,0.98,0.0,0.0,0.0,4
3272,461925.25,0.98,0.0,0.0,0.0,4
3273,462058.25,0.98,0.0,0.0,0.0,4
3274,462190.5,0.98,0.0,0.0,0.0,4
3275,462325.5,0.98,0.0,0.0,0.0,4
3276,462459.25,0.98,0.0,0.0,0.0,4
3277,462595.0,0.98,0.0,0.0,0.0,4
3278,462730.25,0.98,0.0,0.0,0.0,4
3279,462867.25,0.98,0.0,0.0,0.0,4
3280,463001.5,0.98,0.0,0.0,0.0,4
3281,463138.25,0.98,0.0,0.0,0.0,4
3282,463274.5,0.98,0.0,0.0,0.0,4
3283,463408.25,0.98,0.0,0.0,0.0,4
3284,463542.25,0.98,0.0,0.0,0.0,4
3285,463680.5,0.98,0.0,0.0,0.0,4
3286,463815.25,0.98,0.0,0.0,0.0,4
3287,463952.25,0.98,0.0,0.0,0.0,4
3288,464087.25,0.985,0.0,0.0,0.0,4
3289,464225.75,0.985,0.0,0.0,0.0,4
3290,464364.25,0.985,0.0,0.0,0.0,4
3291,464497.75,0.985,0.0,0.0,0.0,4
3292,464632.25,0.985,0.0,0.0,0.0,4
3293,464766.0,0.985,0.0,0.0,0.0,4
3294,464906.75,0.985,0.0,0.0,0.0,4
3295,465040.5,0.985,0.0,0.0,0.0,4
3296,465181.5,0.985,0.0,0.0,0.0,4
3297,465325.0,0.985,0.0,0.0,0.0,4
3298,465464.75,0.99,0.0,0.0,0.0,4
3299,465603.0,0.995,0.0,0.0,0.0,4
3300,465738.75,1.0,0.0,0.0,0.0,4
3301,465877.75,1.0,0.0,0.0,0.0,4
3302,466016.0,1.0,0.0,0.0,0.0,4
3303,466154.25,1.0,0.0,0.0,0.0,4
3304,466286.5,1.0,0.0,0.0,0.0,4
3305,466422.25,1.0,0.0,0.0,0.0,4
3306,466553.0,1.0,0.0,0.0,0.0,4
3307,466688.0,1.0,0.0,0.0,0.0,4
3308,466824.25,1.0,0.0,0.0,0.0,4
3309,466960.5,1.0,0.0,0.0,0.0,4
3310,456129.3333333333,1.0,0.0,0.0,0.0,3
3311,456273.3333333333,1.0,0.0,0.0,0.0,3
3312,456411.3333333333,1.0,0.0,0.0,0.0,3
3313,456548.6666666667,1.0,0.0,0.0,0.0,3
3314,456688.6666666667,1.0,0.0,0.0,0.0,3
3315,456828.6666666667,1.0,0.0,0.0,0.0,3
3316,456965.6666666667,1.0,0.0,0.0,0.0,3
3317,457100.0,1.0,0.0,0.0,0.0,3
3318,457234.0,1.0,0.0,0.0,0.0,3
3319,457369.0,1.0,0.0,0.0,0.0,3
3320,457504.3333333333,1.0,0.0,0.0,0.0,3
3321,457637.0,1.0,0.0,0.0,0.0,3
3322,457771.3333333333,1.0,0.0,0.0,0.0,3
3323,457914.0,1.0,0.0,0.0,0.0,3
3324,458048.3333333333,1.0,0.0,0.0,0.0,3
3325,458187.3333333333,1.0,0.0,0.0,0.0,3
3326,458321.6666666667,1.0,0.0,0.0,0.0,3
3327,458455.0,1.0,0.0,0.0,0.0,3
3328,458591.3333333333,1.0,0.0,0.0,0.0,3
3329,458733.3333333333,1.0,0.0,0.0,0.0,3
3330,458872.0,1.0,0.0,0.0,0.0,3
3331,459019.6666666667,1.0,0.0,0.0,0.0,3
3332,459161.6666666667,1.0,0.0,0.0,0.0,3
3333,459302.0,1.0,0.0,0.0,0.0,3
3334,459439.0,1.0,0.0,0.0,0.0,3
3335,459579.0,1.0,0.0,0.0,0.0,3
3336,459720.3333333333,1.0,0.0,0.0,0.0,3
3337,459865.3333333333,1.0,0.0,0.0,0.0,3
3338,459998.6666666667,1.0,0.0,0.0,0.0,3
3339,460133.3333333333,1.0,0.0,0.0,0.0,3
3340,460274.0,1.0,0.0,0.0,0.0,3
3341,460418.6666666667,1.0,0.0,0.0,0.0,3
3342,460561.3333333333,1.0,0.0,0.0,0.0,3
3343,460700.6666666667,1.0,0.0,0.0,0.0,3
3344,460831.3333333333,1.0,0.0,0.0,0.0,3
3345,460970.3333333333,1.0,0.0,0.0,0.0,3
3346,461110.6666666667,1.0,0.0,0.0,0.0,3
3347,461253.3333333333,1.0,0.0,0.0,0.0,3
3348,461389.0,1.0,0.0,0.0,0.0,3
3349,461524.3333333333,1.0,0.0,0.0,0.0,3
3350,461670.0,1.0,0.0,0.0,0.0,3
3351,461804.3333333333,1.0,0.0,0.0,0.0,3
3352,461951.3333333333,1.0,0.0,0.0,0.0,3
3353,462093.3333333333,1.0,0.0,0.0,0.0,3
3354,462231.0,1.0,0.0,0.0,0.0,3
3355,462369.0,1.0,0.0,0.0,0.0,3
3356,462504.0,1.0,0.0,0.0,0.0,3
3357,462644.0,1.0,0.0,0.0,0.0,3
3358,462779.6666666667,1.0,0.0,0.0,0.0,3
3359,462914.0,1.0,0.0,0.0,0.0,3
3360,463048.3333333333,1.0,0.0,0.0,0.0,3
3361,463188.0,1.0,0.0,0.0,0.0,3
3362,463322.6666666667,1.0,0.0,0.0,0.0,3
3363,463457.6666666667,1.0,0.0,0.0,0.0,3
3364,463601.3333333333,1.0,0.0,0.0,0.0,3
3365,463734.3333333333,1.0,0.0,0.0,0.0,3
3366,463869.6666666667,1.0,0.0,0.0,0.0,3
3367,464004.3333333333,1.0,0.0,0.0,0.0,3
3368,464146.6666666667,1.0,0.0,0.0,0.0,3
3369,464286.6666666667,1.0,0.0,0.0,0.0,3
3370,464424.3333333333,1.0,0.0,0.0,0.0,3
3371,464562.6666666667,1.0,0.0,0.0,0.0,3
3372,447043.0,1.0,0.0,0.0,0.0,2
3373,447191.5,1.0,0.0,0.0,0.0,2
3374,447338.0,1.0,0.0,0.0,0.0,2
3375,447479.0,1.0,0.0,0.0,0.0,2
3376,447617.5,1.0,0.0,0.0,0.0,2
3377,447755.5,1.0,0.0,0.0,0.0,2
3378,447888.0,1.0,0.0,0.0,0.0,2
3379,448022.5,1.0,0.0,0.0,0.0,2
3380,448157.0,1.0,0.0,0.0,0.0,2
3381,448302.0,1.0,0.0,0.0,0.0,2
3382,448439.5,1.0,0.0,0.0,0.0,2
3383,448575.5,1.0,0.0,0.0,0.0,2
3384,448712.5,1.0,0.0,0.0,0.0,2
3385,448849.0,1.0,0.0,0.0,0.0,2
3386,448993.5,1.0,0.0,0.0,0.0,2
3387,449136.5,1.0,0.0,0.0,0.0,2
3388,449275.0,1.0,0.0,0.0,0.0,2
3389,449416.5,1.0,0.0,0.0,0.0,2
3390,449557.0,1.0,0.0,0.0,0.0,2
3391,449701.0,1.0,0.0,0.0,0.0,2
3392,449839.0,1.0,0.0,0.0,0.0,2
3393,449983.5,1.0,0.0,0.0,0.0,2
3394,450130.5,1.0,0.0,0.0,0.0,2
3395,450283.0,1.0,0.0,0.0,0.0,2
3396,450423.0,1.0,0.0,0.0,0.0,2
3397,450586.5,1.0,0.0,0.0,0.0,2
3398,450737.0,1.0,0.0,0.0,0.0,2
3399,450880.5,1.0,0.0,0.0,0.0,2
3400,451014.0,1.0,0.0,0.0,0.0,2
3401,451148.0,1.0,0.0,0.0,0.0,2
3402,451283.5,1.0,0.0,0.0,0.0,2
3403,451417.0,1.0,0.0,0.0,0.0,2
3404,451548.0,1.0,0.0,0.0,0.0,2
3405,451685.0,1.0,0.0,0.0,0.0,2
3406,451822.5,1.0,0.0,0.0,0.0,2
3407,451958.0,1.0,0.0,0.0,0.0,2
3408,452093.0,1.0,0.0,0.0,0.0,2
3409,452224.5,1.0,0.0,0.0,0.0,2
3410,452359.5,1.0,0.0,0.0,0.0,2
3411,452490.0,1.0,0.0,0.0,0.0,2
3412,452621.5,1.0,0.0,0.0,0.0,2
3413,452750.0,1.0,0.0,0.0,0.0,2
3414,452886.5,1.0,0.0,0.0,0.0,2
3415,453016.0,1.0,0.0,0.0,0.0,2
3416,453146.0,1.0,0.0,0.0,0.0,2
3417,453274.0,1.0,0.0,0.0,0.0,2
3418,453405.5,1.0,0.0,0.0,0.0,2
3419,453537.0,1.0,0.0,0.0,0.0,2
3420,453667.0,1.0,0.0,0.0,0.0,2
3421,453803.0,1.0,0.0,0.0,0.0,2
3422,453937.5,1.0,0.0,0.0,0.0,2
3423,454073.0,1.0,0.0,0.0,0.0,2
3424,454212.0,1.0,0.0,0.0,0.0,2
3425,454350.0,1.0,0.0,0.0,0.0,2
3426,454485.5,1.0,0.0,0.0,0.0,2
3427,454619.0,1.0,0.0,0.0,0.0,2
3428,454748.5,1.0,0.0,0.0,0.0,2
3429,454884.5,1.0,0.0,0.0,0.0,2
3430,455015.0,1.0,0.0,0.0,0.0,2
3431,455143.5,1.0,0.0,0.0,0.0,2
3432,455275.0,1.0,0.0,0.0,0.0,2
3433,455414.5,1.0,0.0,0.0,0.0,2
3434,455550.0,1.0,0.0,0.0,0.0,2
3435,455684.5,1.0,0.0,0.0,0.0,2
3436,411576.0,1.0,0.0,0.0,0.0,1
3437,411707.0,1.0,0.0,0.0,0.0,1
3438,411848.0,1.0,0.0,0.0,0.0,1
3439,411985.0,1.0,0.0,0.0,0.0,1
3440,412124.0,1.0,0.0,0.0,0.0,1
3441,412253.0,1.0,0.0,0.0,0.0,1
3442,412385.0,1.0,0.0,0.0,0.0,1
3443,412523.0,1.0,0.0,0.0,0.0,1
3444,412654.0,1.0,0.0,0.0,0.0,1
3445,412807.0,1.0,0.0,0.0,0.0,1
3446,412969.0,1.0,0.0,0.0,0.0,1
3447,413111.0,1.0,0.0,0.0,0.0,1
3448,413247.0,1.0,0.0,0.0,0.0,1
3449,413420.0,1.0,0.0,0.0,0.0,1
3450,413563.0,1.0,0.0,0.0,0.0,1
3451,413751.0,1.0,0.0,0.0,0.0,1
3452,413902.0,1.0,0.0,0.0,0.0,1
3453,414040.0,1.0,0.0,0.0,0.0,1
3454,414182.0,1.0,0.0,0.0,0.0,1
3455,414354.0,1.0,0.0,0.0,0.0,1
3456,414495.0,1.0,0.0,0.0,0.0,1
3457,414635.0,1.0,0.0,0.0,0.0,1
3458,414775.0,1.0,0.0,0.0,0.0,1
3459,414908.0,1.0,0.0,0.0,0.0,1
3460,415057.0,1.0,0.0,0.0,0.0,1
3461,415215.0,1.0,0.0,0.0,0.0,1
3462,415375.0,1.0,0.0,0.0,0.0,1
3463,415514.0,1.0,0.0,0.0,0.0,1
3464,415644.0,1.0,0.0,0.0,0.0,1
3465,415781.0,1.0,0.0,0.0,0.0,1
3466,415929.0,1.0,0.0,0.0,0.0,1
3467,416084.0,1.0,0.0,0.0,0.0,1
3468,416221.0,1.0,0.0,0.0,0.0,1
3469,416371.0,1.0,0.0,0.0,0.0,1
3470,416509.0,1.0,0.0,0.0,0.0,1
3471,416671.0,1.0,0.0,0.0,0.0,1
3472,416697.0,0.98,0.0,0.0,0.0,1
3473,416899.0,0.98,0.0,0.0,0.0,1
3474,417065.0,0.98,0.0,0.0,0.0,1
3475,417235.0,0.98,0.0,0.0,0.0,1
3476,417382.0,0.98,0.0,0.0,0.0,1
3477,417516.0,0.98,0.0,0.0,0.0,1
3478,417656.0,0.98,0.0,0.0,0.0,1
3479,417809.0,0.98,0.0,0.0,0.0,1
3480,417975.0,0.98,0.0,0.0,0.0,1
3481,418114.0,0.98,0.0,0.0,0.0,1
3482,418264.0,0.98,0.0,0.0,0.0,1
3483,418404.0,0.98,0.0,0.0,0.0,1
3484,418546.0,0.98,0.0,0.0,0.0,1
3485,418703.0,0.98,0.0,0.0,0.0,1
3486,418869.0,0.98,0.0,0.0,0.0,1
3487,419010.0,0.98,0.0,0.0,0.0,1
3488,419172.0,0.98,0.0,0.0,0.0,1
3489,419366.0,0.98,0.0,0.0,0.0,1
3490,419543.0,0.98,0.0,0.0,0.0,1
3491,419694.0,0.98,0.0,0.0,0.0,1
3492,419836.0,0.98,0.0,0.0,0.0,1
3493,419985.0,0.98,0.0,0.0,0.0,1
3494,420134.0,0.98,0.0,0.0,0.0,1
3495,420285.0,0.98,0.0,0.0,0.0,1
3496,420436.0,0.98,0.0,0.0,0.0,1
3497,420587.0,0.98,0.0,0.0,0.0,1
3498,420722.0,0.98,0.0,0.0,0.0,1
3499,420861.0,0.98,0.0,0.0,0.0,1
3500,421007.0,0.98,0.0,0.0,0.0,1
3501,421175.0,0.98,0.0,0.0,0.0,1
3502,421309.0,0.98,0.0,0.0,0.0,1
3503,421451.0,0.98,0.0,0.0,0.0,1
3504,421593.0,0.98,0.0,0.0,0.0,1
3505,421756.0,0.98,0.0,0.0,0.0,1
3506,421900.0,0.98,0.0,0.0,0.0,1
3507,422046.0,0.98,0.0,0.0,0.0,1
3508,422193.0,0.98,0.0,0.0,0.0,1
3509,422365.0,0.98,0.0,0.0,0.0,1
3510,422516.0,0.98,0.0,0.0,0.0,1
3511,422648.0,0.98,0.0,0.0,0.0,1
3512,422803.0,0.98,0.0,0.0,0.0,1
3513,422937.0,0.98,0.0,0.0,0.0,1
3514,423072.0,0.98,0.0,0.0,0.0,1
3515,423212.0,0.98,0.0,0.0,0.0,1
3516,423348.0,0.98,0.0,0.0,0.0,1
3517,423498.0,0.98,0.0,0.0,0.0,1
3518,423629.0,0.98,0.0,0.0,0.0,1
3519,423763.0,0.98,0.0,0.0,0.0,1
3520,423905.0,0.98,0.0,0.0,0.0,1
3521,424035.0,0.98,0.0,0.0,0.0,1
3522,424195.0,1.0,0.0,0.0,0.0,1
3523,424365.0,1.0,0.0,0.0,0.0,1
3524,424512.0,1.0,0.0,0.0,0.0,1
3525,424653.0,1.0,0.0,0.0,0.0,1
3526,424792.0,1.0,0.0,0.0,0.0,1
3527,424937.0,1.0,0.0,0.0,0.0,1
3528,425076.0,1.0,0.0,0.0,0.0,1
3529,425223.0,1.0,0.0,0.0,0.0,1
3530,425381.0,1.0,0.0,0.0,0.0,1
3531,425513.0,1.0,0.0,0.0,0.0,1
3532,425671.0,1.0,0.0,0.0,0.0,1
3533,425852.0,1.0,0.0,0.0,0.0,1
3534,426025.0,1.0,0.0,0.0,0.0,1
3535,426056.0,0.98,0.0,0.0,0.0,1
3536,426188.0,0.98,0.0,0.0,0.0,1
3537,426320.0,0.98,0.0,0.0,0.0,1
3538,426481.0,0.98,0.0,0.0,0.0,1
3539,426507.0,0.96,0.0,0.0,0.0,1
3540,426536.0,0.94,0.0,0.0,0.0,1
3541,426773.0,0.94,0.0,0.0,0.0,1
3542,426949.0,0.94,0.0,0.0,0.0,1
3543,427092.0,0.94,0.0,0.0,0.0,1
3544,427255.0,0.94,0.0,0.0,0.0,1
3545,427426.0,0.94,0.0,0.0,0.0,1
3546,427588.0,0.94,0.0,0.0,0.0,1
3547,427733.0,0.94,0.0,0.0,0.0,1
3548,427908.0,0.94,0.0,0.0,0.0,1
3549,428059.0,0.94,0.0,0.0,0.0,1
3550,428205.0,0.94,0.0,0.0,0.0,1
3551,428366.0,0.94,0.0,0.0,0.0,1
3552,428514.0,0.94,0.0,0.0,0.0,1
3553,428662.0,0.94,0.0,0.0,0.0,1
3554,428825.0,0.94,0.0,0.0,0.0,1
3555,428958.0,0.94,0.0,0.0,0.0,1
3556,429107.0,0.94,0.0,0.0,0.0,1
3557,429262.0,0.94,0.0,0.0,0.0,1
3558,429409.0,0.94,0.0,0.0,0.0,1
3559,429594.0,0.94,0.0,0.0,0.0,1
3560,429762.0,0.94,0.0,0.0,0.0,1
3561,429908.0,0.94,0.0,0.0,0.0,1
3562,430049.0,0.94,0.0,0.0,0.0,1
3563,430181.0,0.94,0.0,0.0,0.0,1
3564,430323.0,0.94,0.0,0.0,0.0,1
3565,430456.0,0.94,0.0,0.0,0.0,1
3566,430617.0,0.94,0.0,0.0,0.0,1
3567,430756.0,0.94,0.0,0.0,0.0,1
3568,430897.0,0.94,0.0,0.0,0.0,1
3569,431043.0,0.94,0.0,0.0,0.0,1
3570,431219.0,0.94,0.0,0.0,0.0,1
3571,431375.0,0.94,0.0,0.0,0.0,1
3572,431522.0,0.94,0.0,0.0,0.0,1
3573,431658.0,0.94,0.0,0.0,0.0,1
3574,431813.0,0.94,0.0,0.0,0.0,1
3575,431972.0,0.94,0.0,0.0,0.0,1
3576,432137.0,0.94,0.0,0.0,0.0,1
3577,432279.0,0.94,0.0,0.0,0.0,1
3578,432410.0,0.94,0.0,0.0,0.0,1
3579,432548.0,0.94,0.0,0.0,0.0,1
3580,432691.0,0.94,0.0,0.0,0.0,1
3581,432821.0,0.94,0.0,0.0,0.0,1
3582,432955.0,0.94,0.0,0.0,0.0,1
3583,433086.0,0.94,0.0,0.0,0.0,1
3584,433223.0,0.94,0.0,0.0,0.0,1
3585,433257.0,0.94,0.0,0.0,0.0,1
3586,433412.0,0.94,0.0,0.0,0.0,1
3587,433544.0,0.94,0.0,0.0,0.0,1
3588,433682.0,0.94,0.0,0.0,0.0,1
3589,433826.0,0.96,0.0,0.0,0.0,1
3590,433962.0,0.98,0.0,0.0,0.0,1
3591,434095.0,0.98,0.0,0.0,0.0,1
3592,434227.0,0.98,0.0,0.0,0.0,1
3593,434382.0,0.98,0.0,0.0,0.0,1
3594,434533.0,0.98,0.0,0.0,0.0,1
3595,434669.0,0.98,0.0,0.0,0.0,1
3596,434816.0,0.98,0.0,0.0,0.0,1
3597,435006.0,0.98,0.0,0.0,0.0,1
3598,435188.0,0.98,0.0,0.0,0.0,1
3599,435321.0,0.98,0.0,0.0,0.0,1
3600,435503.0,0.98,0.0,0.0,0.0,1
3601,435656.0,0.98,0.0,0.0,0.0,1
3602,435807.0,0.98,0.0,0.0,0.0,1
3603,435955.0,0.98,0.0,0.0,0.0,1
3604,436103.0,0.98,0.0,0.0,0.0,1
3605,436246.0,0.98,0.0,0.0,0.0,1
3606,436393.0,0.98,0.0,0.0,0.0,1
3607,436546.0,0.98,0.0,0.0,0.0,1
3608,436724.0,0.98,0.0,0.0,0.0,1
3609,436878.0,0.98,0.0,0.0,0.0,1
3610,437023.0,0.98,0.0,0.0,0.0,1
3611,437153.0,0.98,0.0,0.0,0.0,1
3612,437305.0,0.98,0.0,0.0,0.0,1
3613,437462.0,0.98,0.0,0.0,0.0,1
3614,437626.0,0.98,0.0,0.0,0.0,1
3615,437777.0,0.98,0.0,0.0,0.0,1
3616,437920.0,0.98,0.0,0.0,0.0,1
3617,438080.0,0.98,0.0,0.0,0.0,1
3618,438221.0,0.98,0.0,0.0,0.0,1
3619,438366.0,0.98,0.0,0.0,0.0,1
3620,438512.0,0.98,0.0,0.0,0.0,1
3621,438658.0,0.98,0.0,0.0,0.0,1
3622,438799.0,0.98,0.0,0.0,0.0,1
3623,438945.0,0.98,0.0,0.0,0.0,1
3624,439085.0,0.98,0.0,0.0,0.0,1
3625,439252.0,0.98,0.0,0.0,0.0,1
3626,439420.0,0.98,0.0,0.0,0.0,1
3627,439580.0,0.98,0.0,0.0,0.0,1
3628,439768.0,0.98,0.0,0.0,0.0,1
3629,439922.0,0.98,0.0,0.0,0.0,1
3630,440075.0,0.98,0.0,0.0,0.0,1
3631,440219.0,0.98,0.0,0.0,0.0,1
3632,440354.0,0.98,0.0,0.0,0.0,1
3633,440494.0,0.98,0.0,0.0,0.0,1
3634,440628.0,0.98,0.0,0.0,0.0,1
3635,440855.0,1.0,0.0,0.0,0.0,1
3636,441080.0,1.0,0.0,0.0,0.0,1
3637,441114.0,0.98,0.0,0.0,0.0,1
3638,441266.0,0.98,0.0,0.0,0.0,1
3639,441405.0,0.98,0.0,0.0,0.0,1
3640,441564.0,0.98,0.0,0.0,0.0,1
3641,441713.0,0.98,0.0,0.0,0.0,1
3642,441869.0,0.98,0.0,0.0,0.0,1
3643,442013.0,0.98,0.0,0.0,0.0,1
3644,442168.0,0.98,0.0,0.0,0.0,1
3645,442317.0,0.98,0.0,0.0,0.0,1
3646,442472.0,0.98,0.0,0.0,0.0,1
3647,442616.0,0.98,0.0,0.0,0.0,1
3648,442785.0,0.98,0.0,0.0,0.0,1
3649,442965.0,0.98,0.0,0.0,0.0,1
3650,443113.0,0.98,0.0,0.0,0.0,1
3651,443253.0,0.98,0.0,0.0,0.0,1
3652,443404.0,0.98,0.0,0.0,0.0,1
3653,443546.0,0.98,0.0,0.0,0.0,1
3654,443698.0,0.98,0.0,0.0,0.0,1
3655,443834.0,0.98,0.0,0.0,0.0,1
3656,443964.0,0.98,0.0,0.0,0.0,1
3657,444115.0,0.98,0.0,0.0,0.0,1
3658,444257.0,0.98,0.0,0.0,0.0,1
3659,444416.0,0.98,0.0,0.0,0.0,1
3660,444563.0,0.98,0.0,0.0,0.0,1
3661,444750.0,0.98,0.0,0.0,0.0,1
3662,444898.0,0.98,0.0,0.0,0.0,1
3663,445038.0,0.98,0.0,0.0,0.0,1
3664,445174.0,0.98,0.0,0.0,0.0,1
3665,445321.0,0.98,0.0,0.0,0.0,1
3666,445456.0,0.98,0.0,0.0,0.0,1
3667,445614.0,0.98,0.0,0.0,0.0,1
3668,445762.0,0.98,0.0,0.0,0.0,1
3669,445895.0,0.98,0.0,0.0,0.0,1
3670,446035.0,0.98,0.0,0.0,0.0,1
3671,446178.0,0.98,0.0,0.0,0.0,1
3672,446327.0,0.98,0.0,0.0,0.0,1
3673,446475.0,0.98,0.0,0.0,0.0,1
3674,446616.0,0.98,0.0,0.0,0.0,1
3675,446769.0,0.98,0.0,0.0,0.0,1
3676,446925.0,0.98,0.0,0.0,0.0,1
3677,447061.0,0.98,0.0,0.0,0.0,1
3678,447199.0,0.98,0.0,0.0,0.0,1
3679,447348.0,0.98,0.0,0.0,0.0,1
3680,447500.0,0.98,0.0,0.0,0.0,1
3681,447651.0,0.98,0.0,0.0,0.0,1
3682,447798.0,0.98,0.0,0.0,0.0,1
3683,447937.0,0.98,0.0,0.0,0.0,1
3684,448092.0,0.98,0.0,0.0,0.0,1
3685,448244.0,0.98,0.0,0.0,0.0,1
3686,448400.0,0.98,0.0,0.0,0.0,1
3687,448548.0,1.0,0.0,0.0,0.0,1
3688,448698.0,1.0,0.0,0.0,0.0,1
3689,448857.0,1.0,0.0,0.0,0.0,1
3690,449000.0,1.0,0.0,0.0,0.0,1
3691,449142.0,1.0,0.0,0.0,0.0,1
3692,449306.0,1.0,0.0,0.0,0.0,1
3693,449455.0,1.0,0.0,0.0,0.0,1
3694,449594.0,1.0,0.0,0.0,0.0,1
3695,449740.0,1.0,0.0,0.0,0.0,1
3696,449888.0,1.0,0.0,0.0,0.0,1
3697,450041.0,1.0,0.0,0.0,0.0,1
3698,450182.0,1.0,0.0,0.0,0.0,1
3699,450327.0,1.0,0.0,0.0,0.0,1
3700,450471.0,1.0,0.0,0.0,0.0,1
3701,450612.0,1.0,0.0,0.0,0.0,1
3702,450776.0,1.0,0.0,0.0,0.0,1
3703,450920.0,1.0,0.0,0.0,0.0,1
3704,451083.0,1.0,0.0,0.0,0.0,1
3705,451224.0,1.0,0.0,0.0,0.0,1
3706,451384.0,1.0,0.0,0.0,0.0,1
3707,451543.0,1.0,0.0,0.0,0.0,1
3708,451717.0,1.0,0.0,0.0,0.0,1
3709,451860.0,1.0,0.0,0.0,0.0,1
3710,452012.0,1.0,0.0,0.0,0.0,1
3711,452153.0,1.0,0.0,0.0,0.0,1
3712,452308.0,1.0,0.0,0.0,0.0,1
3713,452466.0,1.0,0.0,0.0,0.0,1
3714,452620.0,1.0,0.0,0.0,0.0,1
3715,452773.0,1.0,0.0,0.0,0.0,1
3716,452922.0,1.0,0.0,0.0,0.0,1
3717,453067.0,1.0,0.0,0.0,0.0,1
3718,453205.0,1.0,0.0,0.0,0.0,1
3719,453363.0,1.0,0.0,0.0,0.0,1
3720,453560.0,1.0,0.0,0.0,0.0,1
3721,453726.0,1.0,0.0,0.0,0.0,1
3722,453905.0,1.0,0.0,0.0,0.0,1
3723,454078.0,1.0,0.0,0.0,0.0,1
3724,454267.0,1.0,0.0,0.0,0.0,1
3725,454422.0,1.0,0.0,0.0,0.0,1
3726,454577.0,1.0,0.0,0.0,0.0,1
3727,454746.0,1.0,0.0,0.0,0.0,1
3728,454916.0,1.0,0.0,0.0,0.0,1
3729,455077.0,1.0,0.0,0.0,0.0,1
3730,455234.0,1.0,0.0,0.0,0.0,1
3731,455378.0,1.0,0.0,0.0,0.0,1
3732,455535.0,1.0,0.0,0.0,0.0,1
3733,455697.0,1.0,0.0,0.0,0.0,1
3734,455842.0,1.0,0.0,0.0,0.0,1
3735,455986.0,1.0,0.0,0.0,0.0,1
3736,456128.0,1.0,0.0,0.0,0.0,1
3737,456280.0,1.0,0.0,0.0,0.0,1
3738,456434.0,1.0,0.0,0.0,0.0,1
3739,456593.0,1.0,0.0,0.0,0.0,1
3740,456742.0,1.0,0.0,0.0,0.0,1
3741,456891.0,1.0,0.0,0.0,0.0,1
3742,457051.0,1.0,0.0,0.0,0.0,1
3743,457203.0,1.0,0.0,0.0,0.0,1
3744,457355.0,1.0,0.0,0.0,0.0,1
3745,457510.0,1.0,0.0,0.0,0.0,1
3746,457660.0,1.0,0.0,0.0,0.0,1
3747,457801.0,1.0,0.0,0.0,0.0,1
3748,457951.0,1.0,0.0,0.0,0.0,1
3749,458112.0,1.0,0.0,0.0,0.0,1
3750,458263.0,1.0,0.0,0.0,0.0,1
3751,458421.0,1.0,0.0,0.0,0.0,1
3752,458601.0,1.0,0.0,0.0,0.0,1
3753,458758.0,1.0,0.0,0.0,0.0,1
3754,458918.0,1.0,0.0,0.0,0.0,1
3755,459094.0,1.0,0.0,0.0,0.0,1
3756,459240.0,1.0,0.0,0.0,0.0,1
3757,459401.0,1.0,0.0,0.0,0.0,1
3758,459573.0,1.0,0.0,0.0,0.0,1
3759,459727.0,1.0,0.0,0.0,0.0,1
3760,459880.0,1.0,0.0,0.0,0.0,1
3761,460033.0,1.0,0.0,0.0,0.0,1
3762,460173.0,1.0,0.0,0.0,0.0,1
3763,460347.0,1.0,0.0,0.0,0.0,1
3764,460503.0,1.0,0.0,0.0,0.0,1
3765,460676.0,1.0,0.0,0.0,0.0,1
3766,460852.0,1.0,0.0,0.0,0.0,1
3767,461012.0,1.0,0.0,0.0,0.0,1
3768,461227.0,1.0,0.0,0.0,0.0,1
3769,461380.0,1.0,0.0,0.0,0.0,1
3770,461526.0,1.0,0.0,0.0,0.0,1
3771,461690.0,1.0,0.0,0.0,0.0,1
3772,461857.0,1.0,0.0,0.0,0.0,1
3773,462046.0,1.0,0.0,0.0,0.0,1
3774,462212.0,1.0,0.0,0.0,0.0,1
3775,462373.0,1.0,0.0,0.0,0.0,1
3776,462509.0,1.0,0.0,0.0,0.0,1
3777,462670.0,1.0,0.0,0.0,0.0,1
3778,462854.0,1.0,0.0,0.0,0.0,1
3779,463021.0,1.0,0.0,0.0,0.0,1
3780,463197.0,1.0,0.0,0.0,0.0,1
3781,463382.0,1.0,0.0,0.0,0.0,1
3782,463567.0,1.0,0.0,0.0,0.0,1
3783,463712.0,1.0,0.0,0.0,0.0,1
3784,463890.0,1.0,0.0,0.0,0.0,1
3785,464068.0,1.0,0.0,0.0,0.0,1
3786,464207.0,1.0,0.0,0.0,0.0,1
3787,464348.0,1.0,0.0,0.0,0.0,1
3788,464504.0,1.0,0.0,0.0,0.0,1
3789,464660.0,1.0,0.0,0.0,0.0,1
3790,464813.0,1.0,0.0,0.0,0.0,1
3791,464976.0,1.0,0.0,0.0,0.0,1
3792,465140.0,1.0,0.0,0.0,0.0,1
3793,465308.0,1.0,0.0,0.0,0.0,1
3794,465464.0,1.0,0.0,0.0,0.0,1
3795,465613.0,1.0,0.0,0.0,0.0,1
3796,465790.0,1.0,0.0,0.0,0.0,1
3797,465977.0,1.0,0.0,0.0,0.0,1
3798,466140.0,1.0,0.0,0.0,0.0,1
3799,466284.0,1.0,0.0,0.0,0.0,1
3800,466442.0,1.0,0.0,0.0,0.0,1
3801,466589.0,1.0,0.0,0.0,0.0,1
3802,466731.0,1.0,0.0,0.0,0.0,1
3803,466875.0,1.0,0.0,0.0,0.0,1
3804,467017.0,1.0,0.0,0.0,0.0,1
3805,467190.0,1.0,0.0,0.0,0.0,1
3806,467430.0,1.0,0.0,0.0,0.0,1
3807,467611.0,1.0,0.0,0.0,0.0,1
3808,467773.0,1.0,0.0,0.0,0.0,1
3809,467947.0,1.0,0.0,0.0,0.0,1
3810,468111.0,1.0,0.0,0.0,0.0,1
3811,468277.0,1.0,0.0,0.0,0.0,1
3812,468425.0,1.0,0.0,0.0,0.0,1
3813,468574.0,1.0,0.0,0.0,0.0,1
3814,468731.0,1.0,0.0,0.0,0.0,1
3815,468891.0,1.0,0.0,0.0,0.0,1
3816,469079.0,1.0,0.0,0.0,0.0,1
3817,469110.0,0.98,0.0,0.0,0.0,1
3818,469280.0,0.98,0.0,0.0,0.0,1
3819,469448.0,0.98,0.0,0.0,0.0,1
3820,469601.0,0.98,0.0,0.0,0.0,1
3821,469807.0,0.98,0.0,0.0,0.0,1
3822,469973.0,0.98,0.0,0.0,0.0,1
3823,470171.0,0.98,0.0,0.0,0.0,1
3824,470392.0,0.98,0.0,0.0,0.0,1
3825,470540.0,0.98,0.0,0.0,0.0,1
3826,470718.0,0.98,0.0,0.0,0.0,1
3827,470868.0,0.98,0.0,0.0,0.0,1
3828,471042.0,0.98,0.0,0.0,0.0,1
3829,471216.0,0.98,0.0,0.0,0.0,1
3830,471378.0,0.98,0.0,0.0,0.0,1
3831,471562.0,0.98,0.0,0.0,0.0,1
3832,471692.0,0.98,0.0,0.0,0.0,1
3833,471879.0,0.98,0.0,0.0,0.0,1
3834,472042.0,0.98,0.0,0.0,0.0,1
3835,472189.0,0.98,0.0,0.0,0.0,1
3836,472324.0,0.98,0.0,0.0,0.0,1
3837,472465.0,0.98,0.0,0.0,0.0,1
3838,472619.0,0.98,0.0,0.0,0.0,1
3839,472787.0,0.98,0.0,0.0,0.0,1
3840,472932.0,0.98,0.0,0.0,0.0,1
3841,473065.0,0.98,0.0,0.0,0.0,1
3842,473200.0,0.98,0.0,0.0,0.0,1
3843,473345.0,0.98,0.0,0.0,0.0,1
3844,473482.0,0.98,0.0,0.0,0.0,1
3845,473625.0,0.98,0.0,0.0,0.0,1
3846,473771.0,0.98,0.0,0.0,0.0,1
3847,473910.0,0.98,0.0,0.0,0.0,1
3848,474054.0,0.98,0.0,0.0,0.0,1
3849,474205.0,0.98,0.0,0.0,0.0,1
3850,474351.0,0.98,0.0,0.0,0.0,1
3851,474501.0,0.98,0.0,0.0,0.0,1
3852,474653.0,0.98,0.0,0.0,0.0,1
3853,474801.0,0.98,0.0,0.0,0.0,1
3854,474971.0,0.98,0.0,0.0,0.0,1
3855,475138.0,0.98,0.0,0.0,0.0,1
3856,475283.0,0.98,0.0,0.0,0.0,1
3857,475502.0,0.98,0.0,0.0,0.0,1
3858,475679.0,0.98,0.0,0.0,0.0,1
3859,475824.0,0.98,0.0,0.0,0.0,1
3860,475975.0,0.98,0.0,0.0,0.0,1
3861,476114.0,0.98,0.0,0.0,0.0,1
3862,476249.0,0.98,0.0,0.0,0.0,1
3863,476397.0,0.98,0.0,0.0,0.0,1
3864,476537.0,0.98,0.0,0.0,0.0,1
3865,476682.0,0.98,0.0,0.0,0.0,1
3866,476819.0,0.98,0.0,0.0,0.0,1
3867,476958.0,1.0,0.0,0.0,0.0,1
3868,477097.0,1.0,0.0,0.0,0.0,1
3869,477234.0,1.0,0.0,0.0,0.0,1
3870,477392.0,1.0,0.0,0.0,0.0,1
3871,477548.0,1.0,0.0,0.0,0.0,1
3872,477690.0,1.0,0.0,0.0,0.0,1
3873,477823.0,1.0,0.0,0.0,0.0,1
3874,477962.0,1.0,0.0,0.0,0.0,1
3875,478096.0,1.0,0.0,0.0,0.0,1
3876,478235.0,1.0,0.0,0.0,0.0,1
3877,478374.0,1.0,0.0,0.0,0.0,1
3878,478570.0,1.0,0.0,0.0,0.0,1
3879,478738.0,1.0,0.0,0.0,0.0,1
3880,478891.0,1.0,0.0,0.0,0.0,1
3881,479078.0,1.0,0.0,0.0,0.0,1
3882,479247.0,1.0,0.0,0.0,0.0,1
3883,479424.0,1.0,0.0,0.0,0.0,1
3884,479611.0,1.0,0.0,0.0,0.0,1
3885,479751.0,1.0,0.0,0.0,0.0,1
3886,479891.0,1.0,0.0,0.0,0.0,1
3887,480032.0,1.0,0.0,0.0,0.0,1
3888,480199.0,1.0,0.0,0.0,0.0,1
3889,480369.0,1.0,0.0,0.0,0.0,1
3890,480546.0,1.0,0.0,0.0,0.0,1
3891,480692.0,1.0,0.0,0.0,0.0,1
3892,480837.0,1.0,0.0,0.0,0.0,1
3893,480990.0,1.0,0.0,0.0,0.0,1
3894,481151.0,1.0,0.0,0.0,0.0,1
3895,481314.0,1.0,0.0,0.0,0.0,1
3896,481503.0,1.0,0.0,0.0,0.0,1
3897,481701.0,1.0,0.0,0.0,0.0,1
3898,481842.0,1.0,0.0,0.0,0.0,1
3899,481982.0,1.0,0.0,0.0,0.0,1
3900,482124.0,1.0,0.0,0.0,0.0,1
3901,482307.0,1.0,0.0,0.0,0.0,1
3902,482457.0,1.0,0.0,0.0,0.0,1
3903,482604.0,1.0,0.0,0.0,0.0,1
3904,482746.0,1.0,0.0,0.0,0.0,1
3905,482892.0,1.0,0.0,0.0,0.0,1
3906,483024.0,1.0,0.0,0.0,0.0,1
3907,483173.0,1.0,0.0,0.0,0.0,1
3908,483208.0,0.98,0.0,0.0,0.0,1
3909,483246.0,0.96,0.0,0.0,0.0,1
3910,483400.0,0.96,0.0,0.0,0.0,1
3911,483579.0,0.96,0.0,0.0,0.0,1
3912,483711.0,0.96,0.0,0.0,0.0,1
3913,483850.0,0.96,0.0,0.0,0.0,1
3914,483981.0,0.96,0.0,0.0,0.0,1
3915,484128.0,0.96,0.0,0.0,0.0,1
3916,484273.0,0.96,0.0,0.0,0.0,1
3917,484476.0,0.96,0.0,0.0,0.0,1
3918,484647.0,0.96,0.0,0.0,0.0,1
3919,484817.0,0.96,0.0,0.0,0.0,1
3920,484996.0,0.96,0.0,0.0,0.0,1
3921,485145.0,0.96,0.0,0.0,0.0,1
3922,485312.0,0.96,0.0,0.0,0.0,1
3923,485456.0,0.96,0.0,0.0,0.0,1
3924,485618.0,0.96,0.0,0.0,0.0,1
3925,485777.0,0.96,0.0,0.0,0.0,1
3926,485930.0,0.96,0.0,0.0,0.0,1
3927,486102.0,0.96,0.0,0.0,0.0,1
3928,486249.0,0.96,0.0,0.0,0.0,1
3929,486391.0,0.96,0.0,0.0,0.0,1
3930,486529.0,0.96,0.0,0.0,0.0,1
3931,486661.0,0.96,0.0,0.0,0.0,1
3932,486810.0,0.96,0.0,0.0,0.0,1
3933,486952.0,0.96,0.0,0.0,0.0,1
3934,487106.0,0.96,0.0,0.0,0.0,1
3935,487273.0,0.96,0.0,0.0,0.0,1
3936,487421.0,0.96,0.0,0.0,0.0,1
3937,487562.0,0.96,0.0,0.0,0.0,1
3938,487714.0,0.96,0.0,0.0,0.0,1
3939,487856.0,0.96,0.0,0.0,0.0,1
3940,487990.0,0.96,0.0,0.0,0.0,1
3941,488122.0,0.94,0.0,0.0,0.0,1
3942,488289.0,0.94,0.0,0.0,0.0,1
3943,488454.0,0.94,0.0,0.0,0.0,1
3944,488606.0,0.94,0.0,0.0,0.0,1
3945,488756.0,0.94,0.0,0.0,0.0,1
3946,488900.0,0.94,0.0,0.0,0.0,1
3947,489064.0,0.94,0.0,0.0,0.0,1
3948,489217.0,0.94,0.0,0.0,0.0,1
3949,489385.0,0.94,0.0,0.0,0.0,1
3950,489518.0,0.94,0.0,0.0,0.0,1
3951,489653.0,0.94,0.0,0.0,0.0,1
3952,489787.0,0.94,0.0,0.0,0.0,1
3953,489956.0,0.94,0.0,0.0,0.0,1
3954,490124.0,0.94,0.0,0.0,0.0,1
3955,490293.0,0.94,0.0,0.0,0.0,1
3956,490478.0,0.94,0.0,0.0,0.0,1
3957,490619.0,0.94,0.0,0.0,0.0,1
3958,490803.0,0.96,0.0,0.0,0.0,1
3959,490842.0,0.96,0.0,0.0,0.0,1
3960,491002.0,0.96,0.0,0.0,0.0,1
3961,491143.0,0.96,0.0,0.0,0.0,1
3962,491305.0,0.96,0.0,0.0,0.0,1
3963,491474.0,0.96,0.0,0.0,0.0,1
3964,491655.0,0.96,0.0,0.0,0.0,1
3965,491810.0,0.96,0.0,0.0,0.0,1
3966,491950.0,0.96,0.0,0.0,0.0,1
3967,492099.0,0.96,0.0,0.0,0.0,1
3968,492233.0,0.96,0.0,0.0,0.0,1
3969,492362.0,0.96,0.0,0.0,0.0,1
3970,492498.0,0.96,0.0,0.0,0.0,1
3971,492634.0,0.96,0.0,0.0,0.0,1
3972,492778.0,0.96,0.0,0.0,0.0,1
3973,492918.0,0.96,0.0,0.0,0.0,1
3974,493049.0,0.96,0.0,0.0,0.0,1
3975,493177.0,0.96,0.0,0.0,0.0,1
3976,493319.0,0.96,0.0,0.0,0.0,1
3977,493457.0,0.96,0.0,0.0,0.0,1
3978,493593.0,0.96,0.0,0.0,0.0,1
3979,493720.0,0.96,0.0,0.0,0.0,1
3980,493849.0,0.96,0.0,0.0,0.0,1
3981,493994.0,0.96,0.0,0.0,0.0,1
3982,494121.0,0.96,0.0,0.0,0.0,1
3983,494254.0,0.96,0.0,0.0,0.0,1
3984,494388.0,0.96,0.0,0.0,0.0,1
3985,494528.0,0.96,0.0,0.0,0.0,1
3986,494671.0,0.96,0.0,0.0,0.0,1
3987,494815.0,0.96,0.0,0.0,0.0,1
3988,494954.0,0.96,0.0,0.0,0.0,1
3989,495088.0,0.96,0.0,0.0,0.0,1
3990,495229.0,0.96,0.0,0.0,0.0,1
3991,495370.0,0.98,0.0,0.0,0.0,1
3992,495522.0,0.98,0.0,0.0,0.0,1
3993,495708.0,0.98,0.0,0.0,0.0,1
3994,495852.0,0.98,0.0,0.0,0.0,1
3995,496000.0,0.98,0.0,0.0,0.0,1
3996,496129.0,0.98,0.0,0.0,0.0,1
3997,496268.0,0.98,0.0,0.0,0.0,1
3998,496399.0,0.98,0.0,0.0,0.0,1
3999,496532.0,0.98,0.0,0.0,0.0,1
4000,496665.0,0.98,0.0,0.0,0.0,1
4001,496799.0,0.98,0.0,0.0,0.0,1
4002,496927.0,0.98,0.0,0.0,0.0,1
4003,497058.0,0.98,0.0,0.0,0.0,1
4004,497194.0,0.98,0.0,0.0,0.0,1
4005,497325.0,0.98,0.0,0.0,0.0,1
4006,497464.0,0.98,0.0,0.0,0.0,1
4007,497606.0,0.98,0.0,0.0,0.0,1
4008,497743.0,0.98,0.0,0.0,0.0,1
4009,497901.0,1.0,0.0,0.0,0.0,1
4010,498052.0,1.0,0.0,0.0,0.0,1
4011,498182.0,1.0,0.0,0.0,0.0,1
4012,498327.0,1.0,0.0,0.0,0.0,1
4013,498466.0,1.0,0.0,0.0,0.0,1
4014,498609.0,1.0,0.0,0.0,0.0,1
4015,498748.0,1.0,0.0,0.0,0.0,1
4016,498891.0,1.0,0.0,0.0,0.0,1
4017,499031.0,1.0,0.0,0.0,0.0,1
4018,499185.0,1.0,0.0,0.0,0.0,1
4019,499322.0,1.0,0.0,0.0,0.0,1
4020,499458.0,1.0,0.0,0.0,0.0,1
4021,499592.0,1.0,0.0,0.0,0.0,1
4022,499732.0,1.0,0.0,0.0,0.0,1
4023,499866.0,1.0,0.0,0.0,0.0,1
